Record Length,2500,Points,-52.99999937E-3,4.98000002,
Sample Interval,99.999997474E-6,s,-52.89999768E-3,4.98000002,
Trigger Point,530.000007130,Samples,-52.79999971E-3,4.98000002,
,,,-52.69999802E-3,5.00000000,
,,,-52.60000005E-3,4.96000004,
,,,-52.49999836E-3,4.98000002,
Source,CH1,,-52.40000039E-3,4.98000002,
Vertical Units,Volts,,-52.29999870E-3,5.00000000,
Vertical Scale,499.999988824E-3,,-52.20000073E-3,4.98000002,
Vertical Offset,0,,-52.09999904E-3,4.98000002,
Horizontal Units,s,,-52.00000107E-3,4.98000002,
Horizontal Scale,24.99999937E-3,,-51.89999938E-3,4.96000004,
Pt Fmt,Y,,-51.79999769E-3,4.98000002,
Yzero,-11.9200000,,-51.69999972E-3,4.96000004,
Probe Atten,1.000000,,-51.59999803E-3,5.00000000,
,,,-51.50000006E-3,4.98000002,
Note,TDS 2022B - 2:09:00 PM   11/28/2022,,-51.39999837E-3,4.96000004,
,,,-51.30000040E-3,5.00000000,
,,,-51.19999871E-3,5.00000000,
,,,-51.10000074E-3,5.00000000,
,,,-50.99999905E-3,4.96000004,
,,,-50.90000108E-3,5.00000000,
,,,-50.79999939E-3,4.98000002,
,,,-50.69999769E-3,4.98000002,
,,,-50.59999973E-3,5.00000000,
,,,-50.49999803E-3,4.98000002,
,,,-50.40000007E-3,5.00000000,
,,,-50.29999837E-3,4.98000002,
,,,-50.20000041E-3,5.00000000,
,,,-50.09999871E-3,5.00000000,
,,,-50.00000075E-3,4.98000002,
,,,-49.89999905E-3,4.98000002,
,,,-49.80000108E-3,4.98000002,
,,,-49.69999939E-3,4.98000002,
,,,-49.59999770E-3,5.00000000,
,,,-49.49999973E-3,4.98000002,
,,,-49.39999804E-3,4.98000002,
,,,-49.30000007E-3,4.98000002,
,,,-49.19999838E-3,5.00000000,
,,,-49.10000041E-3,5.00000000,
,,,-48.99999872E-3,4.98000002,
,,,-48.90000075E-3,4.96000004,
,,,-48.79999906E-3,4.98000002,
,,,-48.70000109E-3,4.98000002,
,,,-48.59999940E-3,4.96000004,
,,,-48.49999771E-3,5.00000000,
,,,-48.39999974E-3,4.96000004,
,,,-48.29999804E-3,5.00000000,
,,,-48.20000008E-3,5.00000000,
,,,-48.09999838E-3,4.98000002,
,,,-48.00000042E-3,5.00000000,
,,,-47.89999872E-3,4.98000002,
,,,-47.80000076E-3,4.98000002,
,,,-47.69999906E-3,5.00000000,
,,,-47.60000110E-3,5.00000000,
,,,-47.49999940E-3,5.00000000,
,,,-47.39999771E-3,4.98000002,
,,,-47.29999974E-3,5.00000000,
,,,-47.19999805E-3,4.98000002,
,,,-47.10000008E-3,5.00000000,
,,,-46.99999839E-3,5.00000000,
,,,-46.90000042E-3,4.98000002,
,,,-46.79999873E-3,4.98000002,
,,,-46.70000076E-3,4.98000002,
,,,-46.59999907E-3,4.98000002,
,,,-46.50000110E-3,4.98000002,
,,,-46.39999941E-3,4.98000002,
,,,-46.29999772E-3,5.00000000,
,,,-46.19999975E-3,4.98000002,
,,,-46.09999806E-3,5.00000000,
,,,-46.00000009E-3,4.98000002,
,,,-45.89999840E-3,5.00000000,
,,,-45.80000043E-3,4.98000002,
,,,-45.69999874E-3,4.98000002,
,,,-45.60000077E-3,5.00000000,
,,,-45.49999908E-3,4.98000002,
,,,-45.40000111E-3,4.98000002,
,,,-45.29999942E-3,4.98000002,
,,,-45.19999772E-3,4.98000002,
,,,-45.09999976E-3,4.98000002,
,,,-44.99999806E-3,5.00000000,
,,,-44.90000010E-3,5.00000000,
,,,-44.79999840E-3,4.98000002,
,,,-44.70000044E-3,4.98000002,
,,,-44.59999874E-3,4.98000002,
,,,-44.50000077E-3,4.98000002,
,,,-44.39999908E-3,5.00000000,
,,,-44.30000111E-3,4.98000002,
,,,-44.19999942E-3,4.98000002,
,,,-44.10000145E-3,5.00000000,
,,,-43.99999976E-3,4.98000002,
,,,-43.89999807E-3,4.98000002,
,,,-43.80000010E-3,4.98000002,
,,,-43.69999841E-3,4.98000002,
,,,-43.60000044E-3,4.98000002,
,,,-43.49999875E-3,5.00000000,
,,,-43.40000078E-3,5.00000000,
,,,-43.29999909E-3,4.96000004,
,,,-43.20000112E-3,4.98000002,
,,,-43.09999943E-3,4.98000002,
,,,-43.00000146E-3,5.00000000,
,,,-42.89999977E-3,5.00000000,
,,,-42.79999807E-3,4.98000002,
,,,-42.70000011E-3,5.00000000,
,,,-42.59999841E-3,5.00000000,
,,,-42.50000045E-3,5.00000000,
,,,-42.39999875E-3,4.98000002,
,,,-42.30000079E-3,5.00000000,
,,,-42.19999909E-3,4.98000002,
,,,-42.10000113E-3,5.00000000,
,,,-41.99999943E-3,5.00000000,
,,,-41.90000147E-3,5.00000000,
,,,-41.79999977E-3,4.98000002,
,,,-41.69999808E-3,4.98000002,
,,,-41.60000011E-3,4.98000002,
,,,-41.49999842E-3,5.00000000,
,,,-41.40000045E-3,4.98000002,
,,,-41.29999876E-3,5.01999998,
,,,-41.20000079E-3,5.00000000,
,,,-41.09999910E-3,5.00000000,
,,,-41.00000113E-3,5.00000000,
,,,-40.89999944E-3,4.98000002,
,,,-40.80000147E-3,5.00000000,
,,,-40.69999978E-3,5.00000000,
,,,-40.59999809E-3,4.96000004,
,,,-40.50000012E-3,5.00000000,
,,,-40.39999843E-3,5.00000000,
,,,-40.30000046E-3,5.00000000,
,,,-40.19999877E-3,4.98000002,
,,,-40.10000080E-3,5.00000000,
,,,-39.99999911E-3,5.00000000,
,,,-39.90000114E-3,4.98000002,
,,,-39.79999945E-3,4.98000002,
,,,-39.70000148E-3,5.00000000,
,,,-39.59999979E-3,5.00000000,
,,,-39.49999809E-3,4.98000002,
,,,-39.40000013E-3,5.00000000,
,,,-39.29999843E-3,5.00000000,
,,,-39.20000046E-3,4.98000002,
,,,-39.09999877E-3,4.98000002,
,,,-39.00000080E-3,5.00000000,
,,,-38.89999911E-3,4.98000002,
,,,-38.80000114E-3,4.98000002,
,,,-38.69999945E-3,5.00000000,
,,,-38.60000148E-3,5.00000000,
,,,-38.49999979E-3,5.00000000,
,,,-38.39999810E-3,5.00000000,
,,,-38.30000013E-3,5.00000000,
,,,-38.19999844E-3,5.00000000,
,,,-38.10000047E-3,4.98000002,
,,,-37.99999878E-3,5.01999998,
,,,-37.90000081E-3,5.00000000,
,,,-37.79999912E-3,4.96000004,
,,,-37.70000115E-3,5.00000000,
,,,-37.59999946E-3,5.00000000,
,,,-37.50000149E-3,4.98000002,
,,,-37.39999980E-3,4.98000002,
,,,-37.29999810E-3,4.98000002,
,,,-37.20000014E-3,5.00000000,
,,,-37.09999844E-3,4.98000002,
,,,-37.00000048E-3,5.00000000,
,,,-36.89999878E-3,4.98000002,
,,,-36.80000082E-3,5.00000000,
,,,-36.69999912E-3,4.98000002,
,,,-36.60000116E-3,4.96000004,
,,,-36.49999946E-3,4.98000002,
,,,-36.40000150E-3,5.00000000,
,,,-36.29999980E-3,5.00000000,
,,,-36.19999811E-3,4.98000002,
,,,-36.10000014E-3,5.00000000,
,,,-35.99999845E-3,5.00000000,
,,,-35.90000048E-3,4.98000002,
,,,-35.79999879E-3,4.98000002,
,,,-35.70000082E-3,5.00000000,
,,,-35.59999913E-3,5.00000000,
,,,-35.50000116E-3,4.98000002,
,,,-35.39999947E-3,4.98000002,
,,,-35.30000150E-3,4.98000002,
,,,-35.19999981E-3,4.96000004,
,,,-35.09999812E-3,5.00000000,
,,,-35.00000015E-3,5.00000000,
,,,-34.89999846E-3,5.00000000,
,,,-34.80000049E-3,5.00000000,
,,,-34.69999880E-3,4.98000002,
,,,-34.60000083E-3,4.98000002,
,,,-34.49999914E-3,4.98000002,
,,,-34.40000117E-3,4.98000002,
,,,-34.29999948E-3,5.00000000,
,,,-34.20000151E-3,4.98000002,
,,,-34.09999982E-3,4.98000002,
,,,-33.99999812E-3,4.98000002,
,,,-33.90000015E-3,4.98000002,
,,,-33.79999846E-3,4.96000004,
,,,-33.70000049E-3,4.98000002,
,,,-33.59999880E-3,4.98000002,
,,,-33.50000083E-3,4.98000002,
,,,-33.39999914E-3,4.98000002,
,,,-33.30000117E-3,4.98000002,
,,,-33.19999948E-3,5.00000000,
,,,-33.10000151E-3,4.98000002,
,,,-32.99999982E-3,5.00000000,
,,,-32.89999813E-3,5.00000000,
,,,-32.80000016E-3,5.00000000,
,,,-32.69999847E-3,5.01999998,
,,,-32.60000050E-3,4.98000002,
,,,-32.49999881E-3,5.00000000,
,,,-32.40000084E-3,4.98000002,
,,,-32.29999915E-3,4.98000002,
,,,-32.20000118E-3,4.98000002,
,,,-32.09999949E-3,4.96000004,
,,,-32.00000152E-3,5.00000000,
,,,-31.89999983E-3,4.98000002,
,,,-31.79999813E-3,5.00000000,
,,,-31.70000017E-3,4.98000002,
,,,-31.59999847E-3,4.98000002,
,,,-31.50000051E-3,5.00000000,
,,,-31.39999881E-3,4.98000002,
,,,-31.30000085E-3,4.98000002,
,,,-31.19999915E-3,4.98000002,
,,,-31.09999932E-3,4.98000002,
,,,-30.99999949E-3,5.00000000,
,,,-30.89999966E-3,4.98000002,
,,,-30.79999983E-3,5.00000000,
,,,-30.70000000E-3,4.96000004,
,,,-30.60000017E-3,5.00000000,
,,,-30.50000034E-3,4.98000002,
,,,-30.40000051E-3,4.98000002,
,,,-30.30000068E-3,5.00000000,
,,,-30.20000085E-3,4.98000002,
,,,-30.09999916E-3,5.00000000,
,,,-29.99999933E-3,4.98000002,
,,,-29.89999950E-3,4.98000002,
,,,-29.79999967E-3,4.98000002,
,,,-29.69999984E-3,4.98000002,
,,,-29.60000001E-3,5.00000000,
,,,-29.50000018E-3,4.98000002,
,,,-29.40000035E-3,5.00000000,
,,,-29.30000052E-3,4.98000002,
,,,-29.20000069E-3,5.00000000,
,,,-29.10000086E-3,4.98000002,
,,,-28.99999917E-3,4.98000002,
,,,-28.89999934E-3,5.00000000,
,,,-28.79999951E-3,5.00000000,
,,,-28.69999968E-3,5.00000000,
,,,-28.59999985E-3,4.98000002,
,,,-28.50000001E-3,4.98000002,
,,,-28.40000018E-3,5.00000000,
,,,-28.30000035E-3,4.98000002,
,,,-28.20000052E-3,4.98000002,
,,,-28.10000069E-3,5.00000000,
,,,-28.00000086E-3,5.00000000,
,,,-27.89999917E-3,5.00000000,
,,,-27.79999934E-3,5.00000000,
,,,-27.69999951E-3,5.00000000,
,,,-27.59999968E-3,4.98000002,
,,,-27.49999985E-3,5.00000000,
,,,-27.40000002E-3,4.96000004,
,,,-27.30000019E-3,4.98000002,
,,,-27.20000036E-3,4.98000002,
,,,-27.10000053E-3,5.00000000,
,,,-27.00000070E-3,5.00000000,
,,,-26.90000087E-3,4.98000002,
,,,-26.79999918E-3,4.96000004,
,,,-26.69999935E-3,5.00000000,
,,,-26.59999952E-3,4.98000002,
,,,-26.49999969E-3,4.98000002,
,,,-26.39999986E-3,4.96000004,
,,,-26.30000003E-3,5.00000000,
,,,-26.20000020E-3,4.98000002,
,,,-26.10000037E-3,4.98000002,
,,,-26.00000054E-3,4.98000002,
,,,-25.90000071E-3,5.00000000,
,,,-25.80000088E-3,4.98000002,
,,,-25.69999918E-3,5.00000000,
,,,-25.59999935E-3,4.98000002,
,,,-25.49999952E-3,5.00000000,
,,,-25.39999969E-3,5.00000000,
,,,-25.29999986E-3,5.00000000,
,,,-25.20000003E-3,4.98000002,
,,,-25.10000020E-3,4.98000002,
,,,-25.00000037E-3,5.00000000,
,,,-24.90000054E-3,4.98000002,
,,,-24.80000071E-3,4.98000002,
,,,-24.70000088E-3,4.98000002,
,,,-24.59999919E-3,4.98000002,
,,,-24.49999936E-3,4.98000002,
,,,-24.39999953E-3,4.98000002,
,,,-24.29999970E-3,4.98000002,
,,,-24.19999987E-3,4.98000002,
,,,-24.10000004E-3,5.00000000,
,,,-24.00000021E-3,4.96000004,
,,,-23.90000038E-3,5.00000000,
,,,-23.80000055E-3,4.98000002,
,,,-23.70000072E-3,4.98000002,
,,,-23.60000089E-3,5.00000000,
,,,-23.49999920E-3,4.98000002,
,,,-23.39999937E-3,4.98000002,
,,,-23.29999954E-3,4.98000002,
,,,-23.19999970E-3,4.96000004,
,,,-23.09999987E-3,4.98000002,
,,,-23.00000004E-3,4.98000002,
,,,-22.90000021E-3,5.00000000,
,,,-22.80000038E-3,4.98000002,
,,,-22.70000055E-3,5.00000000,
,,,-22.60000072E-3,5.00000000,
,,,-22.50000089E-3,5.00000000,
,,,-22.40000106E-3,5.00000000,
,,,-22.29999937E-3,4.98000002,
,,,-22.19999954E-3,5.00000000,
,,,-22.09999971E-3,5.00000000,
,,,-21.99999988E-3,4.96000004,
,,,-21.90000005E-3,4.98000002,
,,,-21.80000022E-3,5.00000000,
,,,-21.70000039E-3,5.00000000,
,,,-21.60000056E-3,4.96000004,
,,,-21.50000073E-3,4.98000002,
,,,-21.40000090E-3,4.98000002,
,,,-21.30000107E-3,5.00000000,
,,,-21.19999938E-3,4.98000002,
,,,-21.09999955E-3,5.00000000,
,,,-20.99999972E-3,4.98000002,
,,,-20.89999989E-3,5.00000000,
,,,-20.80000006E-3,5.00000000,
,,,-20.70000023E-3,5.00000000,
,,,-20.60000040E-3,5.00000000,
,,,-20.50000057E-3,5.00000000,
,,,-20.40000074E-3,5.00000000,
,,,-20.30000091E-3,4.98000002,
,,,-20.20000108E-3,5.00000000,
,,,-20.09999938E-3,4.96000004,
,,,-19.9999996E-3,4.98000002,
,,,-19.8999997E-3,4.96000004,
,,,-19.7999999E-3,5.00000000,
,,,-19.7000001E-3,5.00000000,
,,,-19.6000002E-3,5.00000000,
,,,-19.5000004E-3,5.00000000,
,,,-19.4000006E-3,5.00000000,
,,,-19.3000007E-3,5.00000000,
,,,-19.2000009E-3,4.96000004,
,,,-19.1000011E-3,4.98000002,
,,,-18.9999994E-3,5.00000000,
,,,-18.8999996E-3,4.96000004,
,,,-18.7999997E-3,4.98000002,
,,,-18.6999999E-3,4.96000004,
,,,-18.6000001E-3,4.98000002,
,,,-18.5000002E-3,4.98000002,
,,,-18.4000004E-3,5.01999998,
,,,-18.3000006E-3,4.98000002,
,,,-18.2000007E-3,5.00000000,
,,,-18.1000009E-3,4.98000002,
,,,-18.0000011E-3,4.96000004,
,,,-17.8999994E-3,4.98000002,
,,,-17.7999996E-3,4.98000002,
,,,-17.6999997E-3,5.00000000,
,,,-17.5999999E-3,4.98000002,
,,,-17.5000001E-3,5.00000000,
,,,-17.4000002E-3,4.98000002,
,,,-17.3000004E-3,5.00000000,
,,,-17.2000006E-3,4.98000002,
,,,-17.1000008E-3,4.98000002,
,,,-17.0000009E-3,4.98000002,
,,,-16.9000011E-3,4.96000004,
,,,-16.7999994E-3,4.96000004,
,,,-16.6999996E-3,4.98000002,
,,,-16.5999997E-3,4.98000002,
,,,-16.4999999E-3,4.98000002,
,,,-16.4000001E-3,4.98000002,
,,,-16.3000003E-3,5.00000000,
,,,-16.2000004E-3,4.98000002,
,,,-16.1000006E-3,4.98000002,
,,,-16.0000008E-3,5.00000000,
,,,-15.9000009E-3,4.98000002,
,,,-15.8000011E-3,4.96000004,
,,,-15.6999994E-3,4.98000002,
,,,-15.6000005E-3,4.98000002,
,,,-15.5000007E-3,5.00000000,
,,,-15.3999999E-3,4.96000004,
,,,-15.3000001E-3,5.00000000,
,,,-15.2000003E-3,4.98000002,
,,,-15.1000004E-3,5.00000000,
,,,-15.0000006E-3,5.00000000,
,,,-14.9000008E-3,4.98000002,
,,,-14.8000000E-3,5.00000000,
,,,-14.7000002E-3,4.98000002,
,,,-14.6000003E-3,5.00000000,
,,,-14.5000005E-3,4.98000002,
,,,-14.4000007E-3,5.00000000,
,,,-14.2999999E-3,5.00000000,
,,,-14.2000001E-3,4.96000004,
,,,-14.1000003E-3,5.00000000,
,,,-14.0000004E-3,4.98000002,
,,,-13.9000006E-3,5.00000000,
,,,-13.8000008E-3,4.98000002,
,,,-13.7000000E-3,4.98000002,
,,,-13.6000002E-3,4.98000002,
,,,-13.5000004E-3,4.98000002,
,,,-13.4000005E-3,5.00000000,
,,,-13.3000007E-3,5.00000000,
,,,-13.1999999E-3,4.98000002,
,,,-13.1000001E-3,4.98000002,
,,,-13.0000003E-3,4.98000002,
,,,-12.9000004E-3,5.00000000,
,,,-12.8000006E-3,4.98000002,
,,,-12.7000008E-3,4.96000004,
,,,-12.6000000E-3,5.00000000,
,,,-12.5000002E-3,4.96000004,
,,,-12.4000004E-3,4.98000002,
,,,-12.3000005E-3,4.98000002,
,,,-12.2000007E-3,4.98000002,
,,,-12.1000009E-3,4.98000002,
,,,-12.0000001E-3,4.98000002,
,,,-11.9000003E-3,4.98000002,
,,,-11.8000004E-3,4.98000002,
,,,-11.7000006E-3,4.98000002,
,,,-11.6000008E-3,5.00000000,
,,,-11.5000000E-3,5.00000000,
,,,-11.4000002E-3,4.98000002,
,,,-11.3000004E-3,5.00000000,
,,,-11.2000005E-3,4.98000002,
,,,-11.1000007E-3,4.96000004,
,,,-11.0000009E-3,5.00000000,
,,,-10.9000001E-3,4.98000002,
,,,-10.8000003E-3,5.00000000,
,,,-10.7000005E-3,4.98000002,
,,,-10.6000006E-3,5.00000000,
,,,-10.5000008E-3,5.00000000,
,,,-10.4000000E-3,4.96000004,
,,,-10.3000002E-3,5.00000000,
,,,-10.2000004E-3,5.00000000,
,,,-10.1000005E-3,5.00000000,
,,,-10.0000007E-3,5.00000000,
,,,-9.900000878E-3,4.98000002,
,,,-9.800000116E-3,5.00000000,
,,,-9.700000286E-3,4.98000002,
,,,-9.600000456E-3,4.98000002,
,,,-9.500000626E-3,4.98000002,
,,,-9.400000796E-3,4.98000002,
,,,-9.300000034E-3,5.00000000,
,,,-9.200000204E-3,4.98000002,
,,,-9.100000374E-3,5.00000000,
,,,-9.000000544E-3,4.98000002,
,,,-8.900000714E-3,4.96000004,
,,,-8.800000884E-3,4.98000002,
,,,-8.700000122E-3,5.00000000,
,,,-8.600000292E-3,4.98000002,
,,,-8.500000462E-3,4.98000002,
,,,-8.400000632E-3,4.96000004,
,,,-8.300000802E-3,4.98000002,
,,,-8.200000972E-3,5.00000000,
,,,-8.100000210E-3,5.00000000,
,,,-8.000000380E-3,4.98000002,
,,,-7.900000550E-3,5.00000000,
,,,-7.800000720E-3,5.00000000,
,,,-7.700000424E-3,5.00000000,
,,,-7.600000594E-3,5.00000000,
,,,-7.500000298E-3,5.00000000,
,,,-7.400000468E-3,5.00000000,
,,,-7.30000064E-3,4.98000002,
,,,-7.20000034E-3,5.01999998,
,,,-7.10000051E-3,5.00000000,
,,,-7.00000068E-3,4.98000002,
,,,-6.90000039E-3,5.00000000,
,,,-6.80000056E-3,5.00000000,
,,,-6.70000073E-3,5.00000000,
,,,-6.60000043E-3,5.00000000,
,,,-6.50000060E-3,5.00000000,
,,,-6.40000077E-3,5.00000000,
,,,-6.30000047E-3,5.00000000,
,,,-6.20000064E-3,4.98000002,
,,,-6.10000035E-3,5.00000000,
,,,-6.00000052E-3,5.00000000,
,,,-5.90000069E-3,4.98000002,
,,,-5.80000039E-3,4.98000002,
,,,-5.70000056E-3,4.98000002,
,,,-5.60000073E-3,4.98000002,
,,,-5.50000044E-3,5.00000000,
,,,-5.40000061E-3,4.96000004,
,,,-5.30000078E-3,4.98000002,
,,,-5.20000048E-3,4.98000002,
,,,-5.10000065E-3,5.00000000,
,,,-5.00000082E-3,5.00000000,
,,,-4.90000052E-3,4.96000004,
,,,-4.80000069E-3,5.00000000,
,,,-4.70000040E-3,5.00000000,
,,,-4.60000057E-3,5.00000000,
,,,-4.50000074E-3,4.98000002,
,,,-4.40000044E-3,5.00000000,
,,,-4.30000061E-3,4.98000002,
,,,-4.20000078E-3,4.98000002,
,,,-4.10000049E-3,4.98000002,
,,,-4.00000066E-3,5.09999990,
,,,-3.90000059E-3,5.11999989,
,,,-3.80000053E-3,5.11999989,
,,,-3.70000070E-3,5.09999990,
,,,-3.60000064E-3,5.13999987,
,,,-3.50000057E-3,5.09999990,
,,,-3.40000074E-3,5.11999989,
,,,-3.30000068E-3,5.09999990,
,,,-3.20000062E-3,5.11999989,
,,,-3.10000055E-3,5.09999990,
,,,-3.00000072E-3,5.11999989,
,,,-2.90000066E-3,5.11999989,
,,,-2.80000060E-3,5.09999990,
,,,-2.7000005E-3,5.09999990,
,,,-2.6000007E-3,5.11999989,
,,,-2.5000006E-3,5.11999989,
,,,-2.4000006E-3,5.11999989,
,,,-2.3000007E-3,5.09999990,
,,,-2.2000007E-3,5.09999990,
,,,-2.1000006E-3,5.11999989,
,,,-2.0000006E-3,5.19999981,
,,,-1.9000006E-3,5.21999979,
,,,-1.8000007E-3,5.17999983,
,,,-1.7000007E-3,5.21999979,
,,,-1.6000007E-3,5.21999979,
,,,-1.5000007E-3,5.21999979,
,,,-1.4000006E-3,5.19999981,
,,,-1.3000007E-3,5.19999981,
,,,-1.2000006E-3,5.19999981,
,,,-1.1000007E-3,5.19999981,
,,,-1.0000006E-3,5.21999979,
,,,-900.000683032E-6,5.19999981,
,,,-800.000678282E-6,5.21999979,
,,,-700.000673532E-6,5.19999981,
,,,-600.000726990E-6,5.19999981,
,,,-500.000722241E-6,5.19999981,
,,,-400.00071749E-6,5.17999983,
,,,-300.00071274E-6,5.17999983,
,,,-200.00070799E-6,5.19999981,
,,,-100.0007105E-6,5.19999981,
,,,-713.043843269E-12,5.31999969,
,,,99.999284430E-6,5.33999968,
,,,199.99928190E-6,5.33999968,
,,,299.99928665E-6,5.33999968,
,,,399.99926230E-6,5.33999968,
,,,499.999267049E-6,5.33999968,
,,,599.999271799E-6,5.33999968,
,,,699.999276549E-6,5.35999966,
,,,799.999281298E-6,5.33999968,
,,,899.999286048E-6,5.31999969,
,,,999.999232590E-6,5.31999969,
,,,1.0999993E-3,5.33999968,
,,,1.1999992E-3,5.33999968,
,,,1.2999993E-3,5.31999969,
,,,1.3999993E-3,5.33999968,
,,,1.4999992E-3,5.33999968,
,,,1.5999993E-3,5.33999968,
,,,1.6999992E-3,5.33999968,
,,,1.7999993E-3,5.33999968,
,,,1.8999992E-3,5.31999969,
,,,1.9999992E-3,5.40000010,
,,,2.0999992E-3,5.46000004,
,,,2.1999993E-3,5.42000008,
,,,2.2999991E-3,5.42000008,
,,,2.3999992E-3,5.44000006,
,,,2.4999992E-3,5.42000008,
,,,2.5999993E-3,5.44000006,
,,,2.6999991E-3,5.40000010,
,,,2.79999920E-3,5.42000008,
,,,2.89999926E-3,5.42000008,
,,,2.99999909E-3,5.44000006,
,,,3.09999916E-3,5.44000006,
,,,3.19999922E-3,5.42000008,
,,,3.29999928E-3,5.44000006,
,,,3.39999911E-3,5.44000006,
,,,3.49999918E-3,5.46000004,
,,,3.59999924E-3,5.46000004,
,,,3.69999930E-3,5.42000008,
,,,3.79999913E-3,5.44000006,
,,,3.89999920E-3,5.40000010,
,,,3.99999926E-3,5.50000000,
,,,4.09999909E-3,5.50000000,
,,,4.19999938E-3,5.51999998,
,,,4.29999921E-3,5.50000000,
,,,4.39999904E-3,5.48000002,
,,,4.49999934E-3,5.51999998,
,,,4.59999917E-3,5.50000000,
,,,4.69999900E-3,5.48000002,
,,,4.79999930E-3,5.50000000,
,,,4.89999913E-3,5.48000002,
,,,4.99999896E-3,5.50000000,
,,,5.09999925E-3,5.50000000,
,,,5.19999908E-3,5.50000000,
,,,5.29999938E-3,5.48000002,
,,,5.39999921E-3,5.50000000,
,,,5.49999904E-3,5.50000000,
,,,5.59999933E-3,5.50000000,
,,,5.69999916E-3,5.50000000,
,,,5.79999899E-3,5.48000002,
,,,5.89999929E-3,5.48000002,
,,,5.99999912E-3,5.59999990,
,,,6.09999895E-3,5.61999989,
,,,6.19999925E-3,5.63999987,
,,,6.29999908E-3,5.61999989,
,,,6.39999891E-3,5.63999987,
,,,6.49999920E-3,5.61999989,
,,,6.59999903E-3,5.63999987,
,,,6.69999933E-3,5.63999987,
,,,6.79999916E-3,5.61999989,
,,,6.89999899E-3,5.63999987,
,,,6.99999928E-3,5.61999989,
,,,7.09999911E-3,5.63999987,
,,,7.19999894E-3,5.63999987,
,,,7.29999924E-3,5.63999987,
,,,7.399999071E-3,5.61999989,
,,,7.499998901E-3,5.59999990,
,,,7.599999197E-3,5.63999987,
,,,7.699999027E-3,5.61999989,
,,,7.799998857E-3,5.63999987,
,,,7.899998687E-3,5.61999989,
,,,7.999999449E-3,5.63999987,
,,,8.099999279E-3,5.65999985,
,,,8.199999109E-3,5.63999987,
,,,8.299998939E-3,5.67999983,
,,,8.399998769E-3,5.63999987,
,,,8.499999531E-3,5.65999985,
,,,8.599999361E-3,5.65999985,
,,,8.699999191E-3,5.65999985,
,,,8.799999021E-3,5.65999985,
,,,8.899998851E-3,5.63999987,
,,,8.999998681E-3,5.63999987,
,,,9.099999443E-3,5.65999985,
,,,9.199999273E-3,5.63999987,
,,,9.299999103E-3,5.65999985,
,,,9.399998933E-3,5.63999987,
,,,9.499998763E-3,5.65999985,
,,,9.599998593E-3,5.63999987,
,,,9.699999355E-3,5.65999985,
,,,9.799999185E-3,5.67999983,
,,,9.899999015E-3,5.65999985,
,,,9.999998845E-3,5.67999983,
,,,10.0999987E-3,5.67999983,
,,,10.1999994E-3,5.69999981,
,,,10.2999993E-3,5.67999983,
,,,10.3999991E-3,5.67999983,
,,,10.4999989E-3,5.69999981,
,,,10.5999988E-3,5.67999983,
,,,10.6999986E-3,5.69999981,
,,,10.7999993E-3,5.67999983,
,,,10.8999992E-3,5.67999983,
,,,10.9999990E-3,5.69999981,
,,,11.0999988E-3,5.69999981,
,,,11.1999987E-3,5.69999981,
,,,11.2999994E-3,5.67999983,
,,,11.3999993E-3,5.69999981,
,,,11.4999991E-3,5.69999981,
,,,11.5999989E-3,5.67999983,
,,,11.6999988E-3,5.69999981,
,,,11.7999986E-3,5.67999983,
,,,11.8999993E-3,5.67999983,
,,,11.9999992E-3,5.73999977,
,,,12.0999990E-3,5.73999977,
,,,12.1999988E-3,5.73999977,
,,,12.2999987E-3,5.77999973,
,,,12.3999994E-3,5.75999975,
,,,12.4999993E-3,5.73999977,
,,,12.5999991E-3,5.75999975,
,,,12.6999989E-3,5.73999977,
,,,12.7999987E-3,5.75999975,
,,,12.8999986E-3,5.73999977,
,,,12.9999993E-3,5.75999975,
,,,13.0999992E-3,5.75999975,
,,,13.1999990E-3,5.73999977,
,,,13.2999988E-3,5.77999973,
,,,13.3999987E-3,5.73999977,
,,,13.4999985E-3,5.75999975,
,,,13.5999992E-3,5.75999975,
,,,13.6999991E-3,5.73999977,
,,,13.7999989E-3,5.73999977,
,,,13.8999987E-3,5.73999977,
,,,13.9999986E-3,5.75999975,
,,,14.0999993E-3,5.73999977,
,,,14.1999992E-3,5.75999975,
,,,14.2999990E-3,5.75999975,
,,,14.3999988E-3,5.75999975,
,,,14.4999987E-3,5.75999975,
,,,14.5999985E-3,5.73999977,
,,,14.6999992E-3,5.75999975,
,,,14.7999991E-3,5.73999977,
,,,14.8999989E-3,5.75999975,
,,,14.9999987E-3,5.75999975,
,,,15.0999986E-3,5.75999975,
,,,15.1999993E-3,5.73999977,
,,,15.2999992E-3,5.77999973,
,,,15.3999990E-3,5.75999975,
,,,15.4999988E-3,5.75999975,
,,,15.5999986E-3,5.73999977,
,,,15.6999994E-3,5.73999977,
,,,15.7999992E-3,5.75999975,
,,,15.8999991E-3,5.75999975,
,,,15.9999989E-3,5.77999973,
,,,16.0999987E-3,5.77999973,
,,,16.1999986E-3,5.79999971,
,,,16.2999984E-3,5.77999973,
,,,16.3999982E-3,5.79999971,
,,,16.4999980E-3,5.79999971,
,,,16.5999997E-3,5.79999971,
,,,16.6999996E-3,5.77999973,
,,,16.7999994E-3,5.75999975,
,,,16.8999992E-3,5.79999971,
,,,16.9999991E-3,5.79999971,
,,,17.0999989E-3,5.79999971,
,,,17.1999987E-3,5.77999973,
,,,17.2999986E-3,5.77999973,
,,,17.3999984E-3,5.79999971,
,,,17.4999982E-3,5.75999975,
,,,17.5999980E-3,5.79999971,
,,,17.6999997E-3,5.77999973,
,,,17.7999996E-3,5.77999973,
,,,17.8999994E-3,5.77999973,
,,,17.9999992E-3,5.77999973,
,,,18.0999991E-3,5.79999971,
,,,18.1999989E-3,5.77999973,
,,,18.2999987E-3,5.75999975,
,,,18.3999985E-3,5.77999973,
,,,18.4999984E-3,5.77999973,
,,,18.5999982E-3,5.79999971,
,,,18.6999980E-3,5.77999973,
,,,18.7999997E-3,5.77999973,
,,,18.8999996E-3,5.77999973,
,,,18.9999994E-3,5.75999975,
,,,19.0999992E-3,5.77999973,
,,,19.1999990E-3,5.77999973,
,,,19.2999989E-3,5.77999973,
,,,19.3999987E-3,5.77999973,
,,,19.4999985E-3,5.79999971,
,,,19.5999984E-3,5.77999973,
,,,19.6999982E-3,5.77999973,
,,,19.7999980E-3,5.77999973,
,,,19.8999979E-3,5.79999971,
,,,19.9999996E-3,5.81999969,
,,,20.09999938E-3,5.79999971,
,,,20.19999921E-3,5.81999969,
,,,20.29999904E-3,5.79999971,
,,,20.39999887E-3,5.83999968,
,,,20.49999870E-3,5.79999971,
,,,20.59999853E-3,5.79999971,
,,,20.69999836E-3,5.79999971,
,,,20.79999819E-3,5.79999971,
,,,20.89999802E-3,5.79999971,
,,,20.99999785E-3,5.79999971,
,,,21.09999955E-3,5.81999969,
,,,21.19999938E-3,5.81999969,
,,,21.29999921E-3,5.79999971,
,,,21.39999904E-3,5.79999971,
,,,21.49999887E-3,5.81999969,
,,,21.59999870E-3,5.79999971,
,,,21.69999853E-3,5.83999968,
,,,21.79999836E-3,5.79999971,
,,,21.89999819E-3,5.81999969,
,,,21.99999802E-3,5.79999971,
,,,22.09999785E-3,5.79999971,
,,,22.19999954E-3,5.81999969,
,,,22.29999937E-3,5.79999971,
,,,22.39999920E-3,5.81999969,
,,,22.49999903E-3,5.79999971,
,,,22.59999886E-3,5.83999968,
,,,22.69999869E-3,5.79999971,
,,,22.79999852E-3,5.81999969,
,,,22.89999835E-3,5.81999969,
,,,22.99999818E-3,5.81999969,
,,,23.09999801E-3,5.81999969,
,,,23.19999784E-3,5.79999971,
,,,23.29999954E-3,5.81999969,
,,,23.39999937E-3,5.79999971,
,,,23.49999920E-3,5.79999971,
,,,23.59999903E-3,5.81999969,
,,,23.69999886E-3,5.79999971,
,,,23.79999869E-3,5.79999971,
,,,23.89999852E-3,5.79999971,
,,,23.99999835E-3,5.81999969,
,,,24.09999818E-3,5.81999969,
,,,24.19999801E-3,5.81999969,
,,,24.29999784E-3,5.81999969,
,,,24.39999953E-3,5.81999969,
,,,24.49999936E-3,5.79999971,
,,,24.59999919E-3,5.81999969,
,,,24.69999902E-3,5.81999969,
,,,24.79999885E-3,5.83999968,
,,,24.89999868E-3,5.79999971,
,,,24.99999851E-3,5.79999971,
,,,25.09999834E-3,5.79999971,
,,,25.19999817E-3,5.79999971,
,,,25.29999800E-3,5.81999969,
,,,25.39999783E-3,5.81999969,
,,,25.49999952E-3,5.81999969,
,,,25.59999935E-3,5.79999971,
,,,25.69999918E-3,5.81999969,
,,,25.79999901E-3,5.79999971,
,,,25.89999884E-3,5.81999969,
,,,25.99999867E-3,5.83999968,
,,,26.09999850E-3,5.85999966,
,,,26.19999833E-3,5.85999966,
,,,26.29999816E-3,5.83999968,
,,,26.39999799E-3,5.83999968,
,,,26.49999782E-3,5.83999968,
,,,26.59999952E-3,5.83999968,
,,,26.69999935E-3,5.83999968,
,,,26.79999918E-3,5.83999968,
,,,26.89999901E-3,5.85999966,
,,,26.99999884E-3,5.85999966,
,,,27.09999867E-3,5.83999968,
,,,27.19999850E-3,5.83999968,
,,,27.29999833E-3,5.83999968,
,,,27.39999816E-3,5.87999964,
,,,27.49999799E-3,5.83999968,
,,,27.59999782E-3,5.83999968,
,,,27.69999951E-3,5.85999966,
,,,27.79999934E-3,5.83999968,
,,,27.89999917E-3,5.83999968,
,,,27.99999900E-3,5.79999971,
,,,28.09999883E-3,5.79999971,
,,,28.19999866E-3,5.79999971,
,,,28.29999849E-3,5.79999971,
,,,28.39999832E-3,5.81999969,
,,,28.49999815E-3,5.79999971,
,,,28.59999798E-3,5.81999969,
,,,28.69999781E-3,5.79999971,
,,,28.79999764E-3,5.79999971,
,,,28.89999934E-3,5.79999971,
,,,28.99999917E-3,5.81999969,
,,,29.09999900E-3,5.81999969,
,,,29.19999883E-3,5.81999969,
,,,29.29999866E-3,5.81999969,
,,,29.39999849E-3,5.81999969,
,,,29.49999832E-3,5.81999969,
,,,29.59999815E-3,5.81999969,
,,,29.69999798E-3,5.81999969,
,,,29.79999781E-3,5.81999969,
,,,29.89999764E-3,5.81999969,
,,,29.99999933E-3,5.85999966,
,,,30.09999916E-3,5.85999966,
,,,30.19999899E-3,5.83999968,
,,,30.29999882E-3,5.83999968,
,,,30.39999865E-3,5.81999969,
,,,30.49999848E-3,5.85999966,
,,,30.59999831E-3,5.85999966,
,,,30.69999814E-3,5.83999968,
,,,30.79999797E-3,5.85999966,
,,,30.89999780E-3,5.83999968,
,,,30.99999763E-3,5.85999966,
,,,31.09999932E-3,5.83999968,
,,,31.19999915E-3,5.83999968,
,,,31.29999712E-3,5.83999968,
,,,31.39999881E-3,5.85999966,
,,,31.49999678E-3,5.83999968,
,,,31.59999847E-3,5.85999966,
,,,31.70000017E-3,5.83999968,
,,,31.79999813E-3,5.83999968,
,,,31.89999983E-3,5.81999969,
,,,31.99999779E-3,5.85999966,
,,,32.09999949E-3,5.83999968,
,,,32.19999745E-3,5.83999968,
,,,32.29999915E-3,5.83999968,
,,,32.39999712E-3,5.85999966,
,,,32.49999881E-3,5.83999968,
,,,32.59999678E-3,5.83999968,
,,,32.69999847E-3,5.85999966,
,,,32.80000016E-3,5.81999969,
,,,32.89999813E-3,5.85999966,
,,,32.99999982E-3,5.85999966,
,,,33.09999779E-3,5.85999966,
,,,33.19999948E-3,5.83999968,
,,,33.29999745E-3,5.85999966,
,,,33.39999914E-3,5.85999966,
,,,33.49999711E-3,5.83999968,
,,,33.59999880E-3,5.85999966,
,,,33.69999677E-3,5.85999966,
,,,33.79999846E-3,5.85999966,
,,,33.90000015E-3,5.85999966,
,,,33.99999812E-3,5.83999968,
,,,34.09999982E-3,5.85999966,
,,,34.19999778E-3,5.83999968,
,,,34.29999948E-3,5.85999966,
,,,34.39999744E-3,5.83999968,
,,,34.49999914E-3,5.85999966,
,,,34.59999710E-3,5.85999966,
,,,34.69999880E-3,5.83999968,
,,,34.79999676E-3,5.85999966,
,,,34.89999846E-3,5.85999966,
,,,35.00000015E-3,5.83999968,
,,,35.09999812E-3,5.83999968,
,,,35.19999981E-3,5.85999966,
,,,35.29999778E-3,5.81999969,
,,,35.39999947E-3,5.83999968,
,,,35.49999744E-3,5.85999966,
,,,35.59999913E-3,5.83999968,
,,,35.69999710E-3,5.83999968,
,,,35.79999879E-3,5.83999968,
,,,35.89999676E-3,5.83999968,
,,,35.99999845E-3,5.83999968,
,,,36.10000014E-3,5.83999968,
,,,36.19999811E-3,5.85999966,
,,,36.29999980E-3,5.83999968,
,,,36.39999777E-3,5.83999968,
,,,36.49999946E-3,5.85999966,
,,,36.59999743E-3,5.81999969,
,,,36.69999912E-3,5.85999966,
,,,36.79999709E-3,5.83999968,
,,,36.89999878E-3,5.83999968,
,,,36.99999675E-3,5.85999966,
,,,37.09999844E-3,5.85999966,
,,,37.20000014E-3,5.85999966,
,,,37.29999810E-3,5.85999966,
,,,37.39999980E-3,5.85999966,
,,,37.49999776E-3,5.85999966,
,,,37.59999946E-3,5.85999966,
,,,37.69999743E-3,5.85999966,
,,,37.79999912E-3,5.85999966,
,,,37.89999709E-3,5.85999966,
,,,37.99999878E-3,5.83999968,
,,,38.09999675E-3,5.83999968,
,,,38.19999844E-3,5.85999966,
,,,38.30000013E-3,5.85999966,
,,,38.39999810E-3,5.85999966,
,,,38.49999979E-3,5.83999968,
,,,38.59999776E-3,5.85999966,
,,,38.69999945E-3,5.83999968,
,,,38.79999742E-3,5.85999966,
,,,38.89999911E-3,5.85999966,
,,,38.99999708E-3,5.83999968,
,,,39.09999877E-3,5.85999966,
,,,39.19999674E-3,5.81999969,
,,,39.29999843E-3,5.85999966,
,,,39.40000013E-3,5.83999968,
,,,39.49999809E-3,5.83999968,
,,,39.59999979E-3,5.85999966,
,,,39.69999775E-3,5.83999968,
,,,39.79999945E-3,5.85999966,
,,,39.89999741E-3,5.81999969,
,,,39.99999911E-3,5.85999966,
,,,40.09999707E-3,5.83999968,
,,,40.19999877E-3,5.83999968,
,,,40.29999673E-3,5.83999968,
,,,40.39999843E-3,5.85999966,
,,,40.50000012E-3,5.85999966,
,,,40.59999809E-3,5.83999968,
,,,40.69999978E-3,5.83999968,
,,,40.79999775E-3,5.83999968,
,,,40.89999944E-3,5.83999968,
,,,40.99999741E-3,5.85999966,
,,,41.09999910E-3,5.81999969,
,,,41.19999707E-3,5.83999968,
,,,41.29999876E-3,5.85999966,
,,,41.39999673E-3,5.83999968,
,,,41.49999842E-3,5.85999966,
,,,41.59999639E-3,5.83999968,
,,,41.69999808E-3,5.83999968,
,,,41.79999977E-3,5.85999966,
,,,41.89999774E-3,5.83999968,
,,,41.99999943E-3,5.85999966,
,,,42.09999740E-3,5.85999966,
,,,42.19999909E-3,5.85999966,
,,,42.29999706E-3,5.85999966,
,,,42.39999875E-3,5.85999966,
,,,42.49999672E-3,5.85999966,
,,,42.59999841E-3,5.83999968,
,,,42.69999638E-3,5.83999968,
,,,42.79999807E-3,5.83999968,
,,,42.89999977E-3,5.85999966,
,,,42.99999774E-3,5.85999966,
,,,43.09999943E-3,5.85999966,
,,,43.19999740E-3,5.83999968,
,,,43.29999909E-3,5.83999968,
,,,43.39999706E-3,5.83999968,
,,,43.49999875E-3,5.83999968,
,,,43.59999672E-3,5.85999966,
,,,43.69999841E-3,5.83999968,
,,,43.79999638E-3,5.85999966,
,,,43.89999807E-3,5.83999968,
,,,43.99999976E-3,5.87999964,
,,,44.09999773E-3,5.90000010,
,,,44.19999942E-3,5.87999964,
,,,44.29999739E-3,5.85999966,
,,,44.39999908E-3,5.90000010,
,,,44.49999705E-3,5.87999964,
,,,44.59999874E-3,5.87999964,
,,,44.69999671E-3,5.87999964,
,,,44.79999840E-3,5.87999964,
,,,44.89999637E-3,5.85999966,
,,,44.99999806E-3,5.87999964,
,,,45.09999976E-3,5.85999966,
,,,45.19999772E-3,5.85999966,
,,,45.29999942E-3,5.87999964,
,,,45.39999738E-3,5.85999966,
,,,45.49999908E-3,5.87999964,
,,,45.59999704E-3,5.87999964,
,,,45.69999874E-3,5.90000010,
,,,45.79999670E-3,5.87999964,
,,,45.89999840E-3,5.87999964,
,,,45.99999636E-3,5.85999966,
,,,46.09999806E-3,5.85999966,
,,,46.19999975E-3,5.83999968,
,,,46.29999772E-3,5.83999968,
,,,46.39999941E-3,5.85999966,
,,,46.49999738E-3,5.87999964,
,,,46.59999907E-3,5.83999968,
,,,46.69999704E-3,5.85999966,
,,,46.79999873E-3,5.83999968,
,,,46.89999670E-3,5.87999964,
,,,46.99999839E-3,5.85999966,
,,,47.09999636E-3,5.83999968,
,,,47.19999805E-3,5.85999966,
,,,47.29999974E-3,5.83999968,
,,,47.39999771E-3,5.83999968,
,,,47.49999940E-3,5.81999969,
,,,47.59999737E-3,5.85999966,
,,,47.69999906E-3,5.85999966,
,,,47.79999703E-3,5.83999968,
,,,47.89999872E-3,5.83999968,
,,,47.99999669E-3,5.85999966,
,,,48.09999838E-3,5.90000010,
,,,48.19999635E-3,5.87999964,
,,,48.29999804E-3,5.85999966,
,,,48.39999974E-3,5.90000010,
,,,48.49999771E-3,5.85999966,
,,,48.59999940E-3,5.87999964,
,,,48.69999737E-3,5.90000010,
,,,48.79999906E-3,5.90000010,
,,,48.89999703E-3,5.87999964,
,,,48.99999872E-3,5.85999966,
,,,49.09999669E-3,5.90000010,
,,,49.19999838E-3,5.85999966,
,,,49.29999635E-3,5.90000010,
,,,49.39999804E-3,5.87999964,
,,,49.49999973E-3,5.90000010,
,,,49.59999770E-3,5.90000010,
,,,49.69999939E-3,5.85999966,
,,,49.79999736E-3,5.90000010,
,,,49.89999905E-3,5.85999966,
,,,49.99999702E-3,5.87999964,
,,,50.09999871E-3,5.87999964,
,,,50.19999668E-3,5.85999966,
,,,50.29999837E-3,5.87999964,
,,,50.39999634E-3,5.87999964,
,,,50.49999803E-3,5.85999966,
,,,50.59999973E-3,5.87999964,
,,,50.69999769E-3,5.85999966,
,,,50.79999939E-3,5.90000010,
,,,50.89999735E-3,5.85999966,
,,,50.99999905E-3,5.90000010,
,,,51.09999701E-3,5.87999964,
,,,51.19999871E-3,5.87999964,
,,,51.29999667E-3,5.85999966,
,,,51.39999837E-3,5.85999966,
,,,51.49999633E-3,5.90000010,
,,,51.59999803E-3,5.85999966,
,,,51.69999972E-3,5.87999964,
,,,51.79999769E-3,5.87999964,
,,,51.89999938E-3,5.87999964,
,,,51.99999735E-3,5.87999964,
,,,52.09999904E-3,5.85999966,
,,,52.19999701E-3,5.90000010,
,,,52.29999870E-3,5.85999966,
,,,52.39999667E-3,5.87999964,
,,,52.49999836E-3,5.87999964,
,,,52.59999633E-3,5.87999964,
,,,52.69999802E-3,5.90000010,
,,,52.79999971E-3,5.85999966,
,,,52.89999768E-3,5.87999964,
,,,52.99999937E-3,5.85999966,
,,,53.09999734E-3,5.87999964,
,,,53.19999903E-3,5.90000010,
,,,53.29999700E-3,5.85999966,
,,,53.39999869E-3,5.90000010,
,,,53.49999666E-3,5.87999964,
,,,53.59999835E-3,5.85999966,
,,,53.69999632E-3,5.87999964,
,,,53.79999802E-3,5.87999964,
,,,53.89999971E-3,5.87999964,
,,,53.99999768E-3,5.85999966,
,,,54.09999937E-3,5.85999966,
,,,54.19999734E-3,5.83999968,
,,,54.29999903E-3,5.83999968,
,,,54.39999700E-3,5.83999968,
,,,54.49999869E-3,5.85999966,
,,,54.599996656E-3,5.85999966,
,,,54.699998349E-3,5.85999966,
,,,54.799996316E-3,5.85999966,
,,,54.899998009E-3,5.85999966,
,,,54.999999702E-3,5.85999966,
,,,55.099997669E-3,5.85999966,
,,,55.199999362E-3,5.83999968,
,,,55.299997330E-3,5.85999966,
,,,55.399999022E-3,5.85999966,
,,,55.499996990E-3,5.85999966,
,,,55.599998683E-3,5.85999966,
,,,55.699996650E-3,5.85999966,
,,,55.799998343E-3,5.85999966,
,,,55.899996310E-3,5.83999968,
,,,55.999998003E-3,5.90000010,
,,,56.099999696E-3,5.87999964,
,,,56.199997663E-3,5.87999964,
,,,56.299999356E-3,5.90000010,
,,,56.399997324E-3,5.87999964,
,,,56.499999017E-3,5.87999964,
,,,56.599996984E-3,5.87999964,
,,,56.699998677E-3,5.85999966,
,,,56.799996644E-3,5.85999966,
,,,56.899998337E-3,5.87999964,
,,,56.999996305E-3,5.90000010,
,,,57.099997997E-3,5.87999964,
,,,57.199999690E-3,5.90000010,
,,,57.299997658E-3,5.85999966,
,,,57.399999350E-3,5.90000010,
,,,57.499997318E-3,5.87999964,
,,,57.599999011E-3,5.85999966,
,,,57.699996978E-3,5.87999964,
,,,57.799998671E-3,5.87999964,
,,,57.899996638E-3,5.87999964,
,,,57.999998331E-3,5.87999964,
,,,58.099996299E-3,5.87999964,
,,,58.199997991E-3,5.90000010,
,,,58.299995959E-3,5.87999964,
,,,58.399997652E-3,5.90000010,
,,,58.499999344E-3,5.85999966,
,,,58.599997312E-3,5.90000010,
,,,58.699999005E-3,5.90000010,
,,,58.799996972E-3,5.87999964,
,,,58.899998665E-3,5.90000010,
,,,58.999996632E-3,5.85999966,
,,,59.099998325E-3,5.87999964,
,,,59.199996293E-3,5.87999964,
,,,59.299997985E-3,5.87999964,
,,,59.399995953E-3,5.87999964,
,,,59.499997646E-3,5.87999964,
,,,59.599999338E-3,5.85999966,
,,,59.699997306E-3,5.85999966,
,,,59.799998999E-3,5.87999964,
,,,59.899996966E-3,5.90000010,
,,,59.999998659E-3,5.85999966,
,,,60.099996626E-3,5.87999964,
,,,60.199998319E-3,5.85999966,
,,,60.299996287E-3,5.90000010,
,,,60.399997979E-3,5.90000010,
,,,60.499995947E-3,5.87999964,
,,,60.599997640E-3,5.87999964,
,,,60.699999332E-3,5.87999964,
,,,60.799997300E-3,5.90000010,
,,,60.899998993E-3,5.87999964,
,,,60.999996960E-3,5.87999964,
,,,61.099998653E-3,5.87999964,
,,,61.199996620E-3,5.85999966,
,,,61.299998313E-3,5.87999964,
,,,61.399996281E-3,5.85999966,
,,,61.499997973E-3,5.87999964,
,,,61.599995941E-3,5.87999964,
,,,61.699997634E-3,5.87999964,
,,,61.799999326E-3,5.87999964,
,,,61.899997294E-3,5.87999964,
,,,61.999998987E-3,5.87999964,
,,,62.099996954E-3,5.87999964,
,,,62.199998647E-3,5.90000010,
,,,62.299996614E-3,5.87999964,
,,,62.399998307E-3,5.87999964,
,,,62.499996275E-3,5.87999964,
,,,62.599994242E-3,5.85999966,
,,,62.699995935E-3,5.92000008,
,,,62.799997628E-3,5.85999966,
,,,62.899999321E-3,5.87999964,
,,,63.000001013E-3,5.87999964,
,,,63.099995255E-3,5.87999964,
,,,63.199996948E-3,5.87999964,
,,,63.299998641E-3,5.85999966,
,,,63.400000334E-3,5.90000010,
,,,63.499994576E-3,5.87999964,
,,,63.599996269E-3,5.85999966,
,,,63.699997962E-3,5.87999964,
,,,63.799999654E-3,5.87999964,
,,,63.900001347E-3,5.87999964,
,,,63.999995589E-3,5.90000010,
,,,64.099997282E-3,5.92000008,
,,,64.199998975E-3,5.92000008,
,,,64.300000668E-3,5.90000010,
,,,64.399994910E-3,5.92000008,
,,,64.499996603E-3,5.92000008,
,,,64.599998295E-3,5.94000006,
,,,64.699999988E-3,5.90000010,
,,,64.799994230E-3,5.92000008,
,,,64.899995923E-3,5.92000008,
,,,64.999997616E-3,5.90000010,
,,,65.099999309E-3,5.92000008,
,,,65.200001001E-3,5.87999964,
,,,65.299995244E-3,5.92000008,
,,,65.399996936E-3,5.92000008,
,,,65.499998629E-3,5.92000008,
,,,65.600000322E-3,5.92000008,
,,,65.699994564E-3,5.90000010,
,,,65.799996257E-3,5.90000010,
,,,65.899997950E-3,5.92000008,
,,,65.999999642E-3,5.90000010,
,,,66.100001335E-3,5.87999964,
,,,66.199995577E-3,5.87999964,
,,,66.299997270E-3,5.90000010,
,,,66.399998963E-3,5.87999964,
,,,66.500000656E-3,5.87999964,
,,,66.599994898E-3,5.87999964,
,,,66.699996591E-3,5.87999964,
,,,66.799998283E-3,5.87999964,
,,,66.899999976E-3,5.85999966,
,,,66.999994218E-3,5.90000010,
,,,67.099995911E-3,5.87999964,
,,,67.199997604E-3,5.85999966,
,,,67.299999297E-3,5.87999964,
,,,67.400000989E-3,5.90000010,
,,,67.499995232E-3,5.85999966,
,,,67.599996924E-3,5.85999966,
,,,67.699998617E-3,5.90000010,
,,,67.800000310E-3,5.87999964,
,,,67.899994552E-3,5.87999964,
,,,67.999996245E-3,5.85999966,
,,,68.099997938E-3,5.85999966,
,,,68.199999630E-3,5.87999964,
,,,68.299993873E-3,5.87999964,
,,,68.399995565E-3,5.90000010,
,,,68.499997258E-3,5.87999964,
,,,68.599998951E-3,5.90000010,
,,,68.700000644E-3,5.87999964,
,,,68.799994886E-3,5.85999966,
,,,68.899996579E-3,5.87999964,
,,,68.999998271E-3,5.87999964,
,,,69.099999964E-3,5.85999966,
,,,69.199994206E-3,5.90000010,
,,,69.299995899E-3,5.85999966,
,,,69.399997592E-3,5.90000010,
,,,69.499999285E-3,5.87999964,
,,,69.600000978E-3,5.87999964,
,,,69.699995220E-3,5.87999964,
,,,69.799996912E-3,5.90000010,
,,,69.899998605E-3,5.90000010,
,,,70.000000298E-3,5.85999966,
,,,70.099994540E-3,5.87999964,
,,,70.199996233E-3,5.87999964,
,,,70.299997926E-3,5.87999964,
,,,70.399999619E-3,5.87999964,
,,,70.499993861E-3,5.87999964,
,,,70.599995553E-3,5.90000010,
,,,70.699997246E-3,5.85999966,
,,,70.799998939E-3,5.87999964,
,,,70.900000632E-3,5.87999964,
,,,70.999994874E-3,5.90000010,
,,,71.099996567E-3,5.87999964,
,,,71.199998260E-3,5.87999964,
,,,71.299999952E-3,5.90000010,
,,,71.399994195E-3,5.85999966,
,,,71.499995887E-3,5.87999964,
,,,71.599997580E-3,5.87999964,
,,,71.699999273E-3,5.87999964,
,,,71.800000966E-3,5.87999964,
,,,71.899995208E-3,5.87999964,
,,,71.999996901E-3,5.94000006,
,,,72.099998593E-3,5.90000010,
,,,72.200000286E-3,5.92000008,
,,,72.299994528E-3,5.92000008,
,,,72.399996221E-3,5.92000008,
,,,72.499997914E-3,5.90000010,
,,,72.599999607E-3,5.90000010,
,,,72.699993849E-3,5.92000008,
,,,72.799995542E-3,5.90000010,
,,,72.899997234E-3,5.92000008,
,,,72.999998927E-3,5.92000008,
,,,73.100000620E-3,5.92000008,
,,,73.199994862E-3,5.94000006,
,,,73.299996555E-3,5.92000008,
,,,73.399998248E-3,5.90000010,
,,,73.499999940E-3,5.92000008,
,,,73.599994183E-3,5.90000010,
,,,73.699995875E-3,5.90000010,
,,,73.799997568E-3,5.90000010,
,,,73.899999261E-3,5.92000008,
,,,74.000000954E-3,5.85999966,
,,,74.099995196E-3,5.85999966,
,,,74.199996889E-3,5.90000010,
,,,74.299998581E-3,5.85999966,
,,,74.400000274E-3,5.87999964,
,,,74.499994516E-3,5.85999966,
,,,74.599996209E-3,5.87999964,
,,,74.699997902E-3,5.90000010,
,,,74.799999595E-3,5.87999964,
,,,74.899993837E-3,5.90000010,
,,,74.999995530E-3,5.87999964,
,,,75.099997222E-3,5.87999964,
,,,75.199998915E-3,5.85999966,
,,,75.300000608E-3,5.87999964,
,,,75.399994850E-3,5.87999964,
,,,75.499996543E-3,5.90000010,
,,,75.599998236E-3,5.90000010,
,,,75.699999928E-3,5.85999966,
,,,75.799994171E-3,5.87999964,
,,,75.899995863E-3,5.87999964,
,,,75.999997556E-3,5.90000010,
,,,76.099999249E-3,5.90000010,
,,,76.200000942E-3,5.87999964,
,,,76.299995184E-3,5.90000010,
,,,76.399996877E-3,5.87999964,
,,,76.499998569E-3,5.87999964,
,,,76.600000262E-3,5.87999964,
,,,76.699994504E-3,5.87999964,
,,,76.799996197E-3,5.87999964,
,,,76.899997890E-3,5.85999966,
,,,76.999999583E-3,5.87999964,
,,,77.099993825E-3,5.85999966,
,,,77.199995518E-3,5.87999964,
,,,77.299997211E-3,5.87999964,
,,,77.399998903E-3,5.87999964,
,,,77.500000596E-3,5.90000010,
,,,77.599994838E-3,5.85999966,
,,,77.699996531E-3,5.90000010,
,,,77.799998224E-3,5.90000010,
,,,77.899999917E-3,5.87999964,
,,,77.999994159E-3,5.92000008,
,,,78.099995852E-3,5.92000008,
,,,78.199997544E-3,5.94000006,
,,,78.299999237E-3,5.92000008,
,,,78.400000930E-3,5.94000006,
,,,78.499995172E-3,5.92000008,
,,,78.599996865E-3,5.92000008,
,,,78.699998558E-3,5.92000008,
,,,78.800000250E-3,5.92000008,
,,,78.899994493E-3,5.92000008,
,,,78.999996185E-3,5.92000008,
,,,79.099997878E-3,5.90000010,
,,,79.199999571E-3,5.90000010,
,,,79.299993813E-3,5.92000008,
,,,79.399995506E-3,5.92000008,
,,,79.499997199E-3,5.90000010,
,,,79.599998891E-3,5.87999964,
,,,79.700000584E-3,5.92000008,
,,,79.799994826E-3,5.90000010,
,,,79.899996519E-3,5.92000008,
,,,79.999998212E-3,5.87999964,
,,,80.099999905E-3,5.90000010,
,,,80.199994147E-3,5.87999964,
,,,80.299995840E-3,5.90000010,
,,,80.399997532E-3,5.87999964,
,,,80.499999225E-3,5.85999966,
,,,80.600000918E-3,5.87999964,
,,,80.699995160E-3,5.85999966,
,,,80.799996853E-3,5.90000010,
,,,80.899998546E-3,5.87999964,
,,,81.000000238E-3,5.87999964,
,,,81.099994481E-3,5.87999964,
,,,81.199996173E-3,5.87999964,
,,,81.299997866E-3,5.90000010,
,,,81.399999559E-3,5.87999964,
,,,81.499993801E-3,5.87999964,
,,,81.599995494E-3,5.87999964,
,,,81.699997187E-3,5.87999964,
,,,81.799998879E-3,5.87999964,
,,,81.900000572E-3,5.87999964,
,,,81.999994814E-3,5.90000010,
,,,82.099996507E-3,5.85999966,
,,,82.199998200E-3,5.87999964,
,,,82.299999893E-3,5.87999964,
,,,82.399994135E-3,5.87999964,
,,,82.499995828E-3,5.87999964,
,,,82.599997520E-3,5.85999966,
,,,82.699999213E-3,5.85999966,
,,,82.800000906E-3,5.87999964,
,,,82.899995148E-3,5.87999964,
,,,82.999996841E-3,5.87999964,
,,,83.099998534E-3,5.85999966,
,,,83.200000226E-3,5.87999964,
,,,83.299994469E-3,5.87999964,
,,,83.399996161E-3,5.87999964,
,,,83.499997854E-3,5.90000010,
,,,83.599999547E-3,5.87999964,
,,,83.699993789E-3,5.87999964,
,,,83.799995482E-3,5.87999964,
,,,83.899997175E-3,5.87999964,
,,,83.999998868E-3,5.90000010,
,,,84.100000560E-3,5.90000010,
,,,84.199994802E-3,5.92000008,
,,,84.299996495E-3,5.90000010,
,,,84.399998188E-3,5.92000008,
,,,84.499999881E-3,5.92000008,
,,,84.599994123E-3,5.94000006,
,,,84.699995816E-3,5.92000008,
,,,84.799997509E-3,5.90000010,
,,,84.899999201E-3,5.92000008,
,,,84.999993443E-3,5.92000008,
,,,85.099995136E-3,5.92000008,
,,,85.199996829E-3,5.90000010,
,,,85.299998522E-3,5.92000008,
,,,85.400000215E-3,5.92000008,
,,,85.499994457E-3,5.92000008,
,,,85.599996150E-3,5.92000008,
,,,85.699997842E-3,5.90000010,
,,,85.799999535E-3,5.92000008,
,,,85.899993777E-3,5.92000008,
,,,85.999995470E-3,5.87999964,
,,,86.099997163E-3,5.87999964,
,,,86.199998856E-3,5.85999966,
,,,86.300000548E-3,5.87999964,
,,,86.399994791E-3,5.85999966,
,,,86.499996483E-3,5.87999964,
,,,86.599998176E-3,5.85999966,
,,,86.699999869E-3,5.87999964,
,,,86.799994111E-3,5.85999966,
,,,86.899995804E-3,5.87999964,
,,,86.999997497E-3,5.87999964,
,,,87.099999189E-3,5.85999966,
,,,87.199993432E-3,5.87999964,
,,,87.299995124E-3,5.87999964,
,,,87.399996817E-3,5.87999964,
,,,87.499998510E-3,5.90000010,
,,,87.600000203E-3,5.85999966,
,,,87.699994445E-3,5.90000010,
,,,87.799996138E-3,5.90000010,
,,,87.899997830E-3,5.90000010,
,,,87.999999523E-3,5.94000006,
,,,88.099993765E-3,5.90000010,
,,,88.199995458E-3,5.92000008,
,,,88.299997151E-3,5.92000008,
,,,88.399998844E-3,5.92000008,
,,,88.500000536E-3,5.92000008,
,,,88.599994779E-3,5.90000010,
,,,88.699996471E-3,5.92000008,
,,,88.799998164E-3,5.92000008,
,,,88.899999857E-3,5.92000008,
,,,88.999994099E-3,5.90000010,
,,,89.099995792E-3,5.92000008,
,,,89.199997485E-3,5.92000008,
,,,89.299999177E-3,5.90000010,
,,,89.399993420E-3,5.92000008,
,,,89.499995112E-3,5.92000008,
,,,89.599996805E-3,5.92000008,
,,,89.699998498E-3,5.92000008,
,,,89.800000191E-3,5.92000008,
,,,89.899994433E-3,5.92000008,
,,,89.999996126E-3,5.87999964,
,,,90.099997818E-3,5.87999964,
,,,90.199999511E-3,5.87999964,
,,,90.299993753E-3,5.87999964,
,,,90.399995446E-3,5.87999964,
,,,90.499997139E-3,5.85999966,
,,,90.599998832E-3,5.90000010,
,,,90.700000525E-3,5.87999964,
,,,90.799994767E-3,5.90000010,
,,,90.899996459E-3,5.87999964,
,,,90.999998152E-3,5.85999966,
,,,91.099999845E-3,5.87999964,
,,,91.199994087E-3,5.85999966,
,,,91.299995780E-3,5.90000010,
,,,91.399997473E-3,5.85999966,
,,,91.499999166E-3,5.87999964,
,,,91.599993408E-3,5.87999964,
,,,91.699995100E-3,5.85999966,
,,,91.799996793E-3,5.85999966,
,,,91.899998486E-3,5.85999966,
,,,92.000000179E-3,5.85999966,
,,,92.099994421E-3,5.90000010,
,,,92.199996114E-3,5.90000010,
,,,92.299997807E-3,5.87999964,
,,,92.399999499E-3,5.87999964,
,,,92.499993742E-3,5.90000010,
,,,92.599995434E-3,5.85999966,
,,,92.699997127E-3,5.90000010,
,,,92.799998820E-3,5.90000010,
,,,92.900000513E-3,5.87999964,
,,,92.999994755E-3,5.90000010,
,,,93.099996448E-3,5.87999964,
,,,93.199998140E-3,5.87999964,
,,,93.299999833E-3,5.87999964,
,,,93.399994075E-3,5.87999964,
,,,93.499995768E-3,5.87999964,
,,,93.599997461E-3,5.85999966,
,,,93.699999154E-3,5.87999964,
,,,93.799993396E-3,5.85999966,
,,,93.899995089E-3,5.90000010,
,,,93.999996781E-3,5.90000010,
,,,94.099998474E-3,5.85999966,
,,,94.200000167E-3,5.90000010,
,,,94.299994409E-3,5.90000010,
,,,94.399996102E-3,5.87999964,
,,,94.499997795E-3,5.90000010,
,,,94.599999487E-3,5.87999964,
,,,94.699993730E-3,5.85999966,
,,,94.799995422E-3,5.85999966,
,,,94.899997115E-3,5.87999964,
,,,94.999998808E-3,5.90000010,
,,,95.100000501E-3,5.87999964,
,,,95.199994743E-3,5.85999966,
,,,95.299996436E-3,5.87999964,
,,,95.399998128E-3,5.87999964,
,,,95.499999821E-3,5.85999966,
,,,95.599994063E-3,5.90000010,
,,,95.699995756E-3,5.87999964,
,,,95.799997449E-3,5.87999964,
,,,95.899999142E-3,5.87999964,
,,,95.999993384E-3,5.87999964,
,,,96.099995077E-3,5.90000010,
,,,96.199996769E-3,5.87999964,
,,,96.299998462E-3,5.87999964,
,,,96.400000155E-3,5.87999964,
,,,96.499994397E-3,5.87999964,
,,,96.599996090E-3,5.87999964,
,,,96.699997783E-3,5.85999966,
,,,96.799999475E-3,5.87999964,
,,,96.899993718E-3,5.87999964,
,,,96.999995410E-3,5.87999964,
,,,97.099997103E-3,5.87999964,
,,,97.199998796E-3,5.85999966,
,,,97.300000489E-3,5.90000010,
,,,97.399994731E-3,5.87999964,
,,,97.499996424E-3,5.90000010,
,,,97.599998116E-3,5.87999964,
,,,97.699999809E-3,5.87999964,
,,,97.799994051E-3,5.87999964,
,,,97.899995744E-3,5.85999966,
,,,97.999997437E-3,5.87999964,
,,,98.099999130E-3,5.87999964,
,,,98.199993372E-3,5.87999964,
,,,98.299995065E-3,5.90000010,
,,,98.399996758E-3,5.87999964,
,,,98.499998450E-3,5.87999964,
,,,98.600000143E-3,5.87999964,
,,,98.699994385E-3,5.90000010,
,,,98.799996078E-3,5.85999966,
,,,98.899997771E-3,5.90000010,
,,,98.999999464E-3,5.85999966,
,,,99.099993706E-3,5.85999966,
,,,99.199995399E-3,5.87999964,
,,,99.299997091E-3,5.85999966,
,,,99.399998784E-3,5.87999964,
,,,99.500000477E-3,5.87999964,
,,,99.599994719E-3,5.87999964,
,,,99.699996412E-3,5.87999964,
,,,99.799998105E-3,5.87999964,
,,,99.899999797E-3,5.87999964,
,,,99.999994040E-3,5.87999964,
,,,100.0999957E-3,5.90000010,
,,,100.1999974E-3,5.90000010,
,,,100.2999991E-3,5.87999964,
,,,100.3999934E-3,5.87999964,
,,,100.4999951E-3,5.87999964,
,,,100.5999967E-3,5.90000010,
,,,100.6999984E-3,5.85999966,
,,,100.8000001E-3,5.87999964,
,,,100.8999944E-3,5.87999964,
,,,100.9999961E-3,5.87999964,
,,,101.0999978E-3,5.87999964,
,,,101.1999995E-3,5.87999964,
,,,101.2999937E-3,5.90000010,
,,,101.3999954E-3,5.85999966,
,,,101.4999971E-3,5.87999964,
,,,101.5999988E-3,5.90000010,
,,,101.6999930E-3,5.87999964,
,,,101.7999947E-3,5.90000010,
,,,101.8999964E-3,5.85999966,
,,,101.9999981E-3,5.87999964,
,,,102.0999998E-3,5.87999964,
,,,102.1999940E-3,5.87999964,
,,,102.2999957E-3,5.90000010,
,,,102.3999974E-3,5.85999966,
,,,102.4999991E-3,5.85999966,
,,,102.5999933E-3,5.87999964,
,,,102.6999950E-3,5.85999966,
,,,102.7999967E-3,5.87999964,
,,,102.8999984E-3,5.90000010,
,,,103.0000001E-3,5.85999966,
,,,103.0999944E-3,5.85999966,
,,,103.1999961E-3,5.90000010,
,,,103.2999977E-3,5.87999964,
,,,103.3999994E-3,5.85999966,
,,,103.4999937E-3,5.87999964,
,,,103.5999954E-3,5.87999964,
,,,103.6999971E-3,5.87999964,
,,,103.7999988E-3,5.85999966,
,,,103.8999930E-3,5.90000010,
,,,103.9999947E-3,5.90000010,
,,,104.0999964E-3,5.85999966,
,,,104.1999981E-3,5.87999964,
,,,104.2999998E-3,5.87999964,
,,,104.3999940E-3,5.90000010,
,,,104.4999957E-3,5.87999964,
,,,104.5999974E-3,5.87999964,
,,,104.6999991E-3,5.87999964,
,,,104.7999933E-3,5.87999964,
,,,104.8999950E-3,5.90000010,
,,,104.9999967E-3,5.87999964,
,,,105.0999984E-3,5.87999964,
,,,105.2000001E-3,5.87999964,
,,,105.2999943E-3,5.85999966,
,,,105.3999960E-3,5.87999964,
,,,105.4999977E-3,5.85999966,
,,,105.5999994E-3,5.87999964,
,,,105.6999937E-3,5.87999964,
,,,105.7999954E-3,5.87999964,
,,,105.8999971E-3,5.85999966,
,,,105.9999987E-3,5.85999966,
,,,106.0999930E-3,5.87999964,
,,,106.1999947E-3,5.87999964,
,,,106.2999964E-3,5.90000010,
,,,106.3999981E-3,5.90000010,
,,,106.4999998E-3,5.87999964,
,,,106.5999940E-3,5.87999964,
,,,106.6999957E-3,5.85999966,
,,,106.7999974E-3,5.87999964,
,,,106.8999991E-3,5.87999964,
,,,106.9999933E-3,5.87999964,
,,,107.0999950E-3,5.87999964,
,,,107.1999967E-3,5.87999964,
,,,107.2999984E-3,5.90000010,
,,,107.4000001E-3,5.85999966,
,,,107.4999943E-3,5.90000010,
,,,107.5999960E-3,5.87999964,
,,,107.6999977E-3,5.85999966,
,,,107.7999994E-3,5.87999964,
,,,107.8999937E-3,5.85999966,
,,,107.9999954E-3,5.92000008,
,,,108.0999970E-3,5.87999964,
,,,108.1999987E-3,5.87999964,
,,,108.2999930E-3,5.90000010,
,,,108.3999947E-3,5.87999964,
,,,108.4999964E-3,5.87999964,
,,,108.5999981E-3,5.87999964,
,,,108.6999997E-3,5.87999964,
,,,108.7999940E-3,5.87999964,
,,,108.8999957E-3,5.87999964,
,,,108.9999974E-3,5.87999964,
,,,109.0999991E-3,5.87999964,
,,,109.1999933E-3,5.90000010,
,,,109.2999950E-3,5.87999964,
,,,109.3999967E-3,5.87999964,
,,,109.4999984E-3,5.87999964,
,,,109.6000001E-3,5.87999964,
,,,109.6999943E-3,5.87999964,
,,,109.7999960E-3,5.87999964,
,,,109.8999977E-3,5.87999964,
,,,109.9999994E-3,5.83999968,
,,,110.0999936E-3,5.85999966,
,,,110.1999953E-3,5.85999966,
,,,110.2999970E-3,5.83999968,
,,,110.3999987E-3,5.85999966,
,,,110.4999930E-3,5.83999968,
,,,110.5999947E-3,5.83999968,
,,,110.6999964E-3,5.85999966,
,,,110.7999980E-3,5.85999966,
,,,110.8999997E-3,5.85999966,
,,,110.9999940E-3,5.83999968,
,,,111.0999957E-3,5.87999964,
,,,111.1999974E-3,5.83999968,
,,,111.2999991E-3,5.85999966,
,,,111.3999933E-3,5.85999966,
,,,111.4999950E-3,5.83999968,
,,,111.5999967E-3,5.85999966,
,,,111.6999984E-3,5.83999968,
,,,111.8000001E-3,5.83999968,
,,,111.8999943E-3,5.83999968,
,,,111.9999960E-3,5.85999966,
,,,112.0999977E-3,5.90000010,
,,,112.1999994E-3,5.85999966,
,,,112.2999936E-3,5.90000010,
,,,112.3999953E-3,5.87999964,
,,,112.4999970E-3,5.90000010,
,,,112.5999987E-3,5.90000010,
,,,112.6999930E-3,5.85999966,
,,,112.7999946E-3,5.87999964,
,,,112.8999963E-3,5.87999964,
,,,112.9999980E-3,5.87999964,
,,,113.0999997E-3,5.87999964,
,,,113.1999940E-3,5.87999964,
,,,113.2999957E-3,5.87999964,
,,,113.3999974E-3,5.85999966,
,,,113.4999990E-3,5.87999964,
,,,113.5999933E-3,5.87999964,
,,,113.6999950E-3,5.87999964,
,,,113.7999967E-3,5.87999964,
,,,113.8999984E-3,5.87999964,
,,,114.0000001E-3,5.87999964,
,,,114.0999943E-3,5.85999966,
,,,114.1999960E-3,5.90000010,
,,,114.2999977E-3,5.87999964,
,,,114.3999994E-3,5.87999964,
,,,114.4999936E-3,5.87999964,
,,,114.5999953E-3,5.85999966,
,,,114.6999970E-3,5.87999964,
,,,114.7999987E-3,5.85999966,
,,,114.8999929E-3,5.87999964,
,,,114.9999946E-3,5.87999964,
,,,115.0999963E-3,5.87999964,
,,,115.1999980E-3,5.90000010,
,,,115.2999997E-3,5.87999964,
,,,115.3999940E-3,5.87999964,
,,,115.4999956E-3,5.87999964,
,,,115.5999973E-3,5.87999964,
,,,115.6999990E-3,5.87999964,
,,,115.7999933E-3,5.87999964,
,,,115.8999950E-3,5.85999966,
,,,115.9999967E-3,5.87999964,
,,,116.0999984E-3,5.87999964,
,,,116.2000000E-3,5.87999964,
,,,116.2999943E-3,5.87999964,
,,,116.3999960E-3,5.90000010,
,,,116.4999977E-3,5.87999964,
,,,116.5999994E-3,5.87999964,
,,,116.6999936E-3,5.87999964,
,,,116.7999953E-3,5.90000010,
,,,116.8999970E-3,5.87999964,
,,,116.9999987E-3,5.87999964,
,,,117.0999929E-3,5.90000010,
,,,117.1999946E-3,5.85999966,
,,,117.2999963E-3,5.90000010,
,,,117.3999980E-3,5.85999966,
,,,117.4999997E-3,5.90000010,
,,,117.5999939E-3,5.85999966,
,,,117.6999956E-3,5.87999964,
,,,117.7999973E-3,5.87999964,
,,,117.8999990E-3,5.85999966,
,,,117.9999933E-3,5.85999966,
,,,118.0999950E-3,5.87999964,
,,,118.1999967E-3,5.87999964,
,,,118.2999983E-3,5.87999964,
,,,118.3999926E-3,5.85999966,
,,,118.4999943E-3,5.90000010,
,,,118.5999960E-3,5.87999964,
,,,118.6999977E-3,5.87999964,
,,,118.7999994E-3,5.85999966,
,,,118.8999936E-3,5.90000010,
,,,118.9999953E-3,5.90000010,
,,,119.0999970E-3,5.87999964,
,,,119.1999987E-3,5.87999964,
,,,119.2999929E-3,5.87999964,
,,,119.3999946E-3,5.87999964,
,,,119.4999963E-3,5.87999964,
,,,119.5999980E-3,5.87999964,
,,,119.6999997E-3,5.90000010,
,,,119.7999939E-3,5.85999966,
,,,119.8999956E-3,5.87999964,
,,,119.9999973E-3,5.85999966,
,,,120.0999990E-3,5.85999966,
,,,120.1999933E-3,5.85999966,
,,,120.2999949E-3,5.81999969,
,,,120.3999966E-3,5.85999966,
,,,120.4999983E-3,5.83999968,
,,,120.5999926E-3,5.83999968,
,,,120.6999943E-3,5.85999966,
,,,120.7999960E-3,5.83999968,
,,,120.8999977E-3,5.87999964,
,,,120.9999993E-3,5.83999968,
,,,121.0999936E-3,5.83999968,
,,,121.1999953E-3,5.85999966,
,,,121.2999970E-3,5.83999968,
,,,121.3999987E-3,5.85999966,
,,,121.4999929E-3,5.83999968,
,,,121.5999946E-3,5.85999966,
,,,121.6999963E-3,5.83999968,
,,,121.7999980E-3,5.85999966,
,,,121.8999997E-3,5.83999968,
,,,121.9999939E-3,5.85999966,
,,,122.0999956E-3,5.90000010,
,,,122.1999973E-3,5.85999966,
,,,122.2999990E-3,5.90000010,
,,,122.3999932E-3,5.85999966,
,,,122.4999949E-3,5.90000010,
,,,122.5999966E-3,5.87999964,
,,,122.6999983E-3,5.85999966,
,,,122.7999926E-3,5.90000010,
,,,122.8999943E-3,5.85999966,
,,,122.9999959E-3,5.90000010,
,,,123.0999976E-3,5.90000010,
,,,123.1999993E-3,5.87999964,
,,,123.2999936E-3,5.90000010,
,,,123.3999953E-3,5.85999966,
,,,123.4999970E-3,5.90000010,
,,,123.5999987E-3,5.87999964,
,,,123.6999929E-3,5.87999964,
,,,123.7999946E-3,5.87999964,
,,,123.8999963E-3,5.87999964,
,,,123.9999980E-3,5.87999964,
,,,124.0999997E-3,5.87999964,
,,,124.1999939E-3,5.85999966,
,,,124.2999956E-3,5.87999964,
,,,124.3999973E-3,5.87999964,
,,,124.4999990E-3,5.90000010,
,,,124.5999932E-3,5.87999964,
,,,124.6999949E-3,5.90000010,
,,,124.7999966E-3,5.85999966,
,,,124.8999983E-3,5.87999964,
,,,124.9999925E-3,5.87999964,
,,,125.1000017E-3,5.87999964,
,,,125.2000034E-3,5.87999964,
,,,125.2999902E-3,5.85999966,
,,,125.3999919E-3,5.87999964,
,,,125.4999936E-3,5.90000010,
,,,125.5999953E-3,5.90000010,
,,,125.6999969E-3,5.87999964,
,,,125.7999986E-3,5.87999964,
,,,125.9000003E-3,5.87999964,
,,,126.0000020E-3,5.87999964,
,,,126.0999888E-3,5.87999964,
,,,126.1999905E-3,5.85999966,
,,,126.2999922E-3,5.87999964,
,,,126.3999939E-3,5.87999964,
,,,126.4999956E-3,5.85999966,
,,,126.5999973E-3,5.87999964,
,,,126.6999990E-3,5.87999964,
,,,126.8000007E-3,5.85999966,
,,,126.9000024E-3,5.87999964,
,,,126.9999892E-3,5.90000010,
,,,127.0999908E-3,5.87999964,
,,,127.1999925E-3,5.85999966,
,,,127.2999942E-3,5.85999966,
,,,127.3999959E-3,5.85999966,
,,,127.4999976E-3,5.85999966,
,,,127.5999993E-3,5.90000010,
,,,127.7000010E-3,5.85999966,
,,,127.8000027E-3,5.90000010,
,,,127.8999895E-3,5.87999964,
,,,127.9999912E-3,5.87999964,
,,,128.0999929E-3,5.87999964,
,,,128.1999946E-3,5.87999964,
,,,128.2999963E-3,5.87999964,
,,,128.3999979E-3,5.85999966,
,,,128.4999996E-3,5.87999964,
,,,128.6000013E-3,5.87999964,
,,,128.7000030E-3,5.87999964,
,,,128.7999898E-3,5.85999966,
,,,128.8999915E-3,5.85999966,
,,,128.9999932E-3,5.87999964,
,,,129.0999949E-3,5.87999964,
,,,129.1999966E-3,5.90000010,
,,,129.2999983E-3,5.87999964,
,,,129.4000000E-3,5.85999966,
,,,129.5000017E-3,5.87999964,
,,,129.6000034E-3,5.87999964,
,,,129.6999902E-3,5.90000010,
,,,129.7999918E-3,5.87999964,
,,,129.8999935E-3,5.90000010,
,,,129.9999952E-3,5.87999964,
,,,130.0999969E-3,5.85999966,
,,,130.1999986E-3,5.87999964,
,,,130.3000003E-3,5.85999966,
,,,130.4000020E-3,5.85999966,
,,,130.4999888E-3,5.87999964,
,,,130.5999905E-3,5.87999964,
,,,130.6999922E-3,5.87999964,
,,,130.7999939E-3,5.87999964,
,,,130.8999956E-3,5.90000010,
,,,130.9999973E-3,5.90000010,
,,,131.0999990E-3,5.87999964,
,,,131.2000006E-3,5.87999964,
,,,131.3000023E-3,5.87999964,
,,,131.3999891E-3,5.87999964,
,,,131.4999908E-3,5.87999964,
,,,131.5999925E-3,5.92000008,
,,,131.6999942E-3,5.85999966,
,,,131.7999959E-3,5.87999964,
,,,131.8999976E-3,5.87999964,
,,,131.9999993E-3,5.87999964,
,,,132.1000010E-3,5.87999964,
,,,132.2000027E-3,5.87999964,
,,,132.2999895E-3,5.87999964,
,,,132.3999912E-3,5.87999964,
,,,132.4999928E-3,5.87999964,
,,,132.5999945E-3,5.85999966,
,,,132.6999962E-3,5.87999964,
,,,132.7999979E-3,5.90000010,
,,,132.8999996E-3,5.85999966,
,,,133.0000013E-3,5.87999964,
,,,133.1000030E-3,5.87999964,
,,,133.1999898E-3,5.87999964,
,,,133.2999915E-3,5.90000010,
,,,133.3999932E-3,5.87999964,
,,,133.4999949E-3,5.85999966,
,,,133.5999966E-3,5.85999966,
,,,133.6999983E-3,5.87999964,
,,,133.8000000E-3,5.87999964,
,,,133.9000016E-3,5.90000010,
,,,134.0000033E-3,5.85999966,
,,,134.0999901E-3,5.85999966,
,,,134.1999918E-3,5.83999968,
,,,134.2999935E-3,5.85999966,
,,,134.3999952E-3,5.85999966,
,,,134.4999969E-3,5.83999968,
,,,134.5999986E-3,5.83999968,
,,,134.7000003E-3,5.87999964,
,,,134.8000020E-3,5.83999968,
,,,134.8999888E-3,5.83999968,
,,,134.9999905E-3,5.83999968,
,,,135.0999922E-3,5.81999969,
,,,135.1999938E-3,5.85999966,
,,,135.2999955E-3,5.83999968,
,,,135.3999972E-3,5.85999966,
,,,135.4999989E-3,5.85999966,
,,,135.6000006E-3,5.85999966,
,,,135.7000023E-3,5.85999966,
,,,135.7999891E-3,5.83999968,
,,,135.8999908E-3,5.85999966,
,,,135.9999925E-3,5.85999966,
,,,136.0999942E-3,5.87999964,
,,,136.1999959E-3,5.85999966,
,,,136.2999976E-3,5.87999964,
,,,136.3999993E-3,5.87999964,
,,,136.5000010E-3,5.87999964,
,,,136.6000026E-3,5.87999964,
,,,136.6999894E-3,5.85999966,
,,,136.7999911E-3,5.87999964,
,,,136.8999928E-3,5.87999964,
,,,136.9999945E-3,5.85999966,
,,,137.0999962E-3,5.90000010,
,,,137.1999979E-3,5.87999964,
,,,137.2999996E-3,5.87999964,
,,,137.4000013E-3,5.85999966,
,,,137.5000030E-3,5.87999964,
,,,137.5999898E-3,5.90000010,
,,,137.6999915E-3,5.87999964,
,,,137.7999932E-3,5.90000010,
,,,137.8999949E-3,5.87999964,
,,,137.9999965E-3,5.90000010,
,,,138.0999982E-3,5.87999964,
,,,138.1999999E-3,5.85999966,
,,,138.3000016E-3,5.87999964,
,,,138.3999884E-3,5.87999964,
,,,138.4999901E-3,5.85999966,
,,,138.5999918E-3,5.85999966,
,,,138.6999935E-3,5.87999964,
,,,138.7999952E-3,5.87999964,
,,,138.8999969E-3,5.87999964,
,,,138.9999986E-3,5.87999964,
,,,139.1000003E-3,5.85999966,
,,,139.2000020E-3,5.87999964,
,,,139.2999887E-3,5.87999964,
,,,139.3999904E-3,5.87999964,
,,,139.4999921E-3,5.87999964,
,,,139.5999938E-3,5.87999964,
,,,139.6999955E-3,5.87999964,
,,,139.7999972E-3,5.87999964,
,,,139.8999989E-3,3.41999984,
,,,140.0000006E-3,5.87999964,
,,,140.1000023E-3,5.87999964,
,,,140.1999891E-3,5.90000010,
,,,140.2999908E-3,5.90000010,
,,,140.3999925E-3,5.90000010,
,,,140.4999942E-3,5.87999964,
,,,140.5999959E-3,5.87999964,
,,,140.6999975E-3,5.85999966,
,,,140.7999992E-3,5.85999966,
,,,140.9000009E-3,5.87999964,
,,,141.0000026E-3,5.90000010,
,,,141.0999894E-3,5.87999964,
,,,141.1999911E-3,5.87999964,
,,,141.2999928E-3,5.85999966,
,,,141.3999945E-3,5.87999964,
,,,141.4999962E-3,5.85999966,
,,,141.5999979E-3,5.87999964,
,,,141.6999996E-3,5.87999964,
,,,141.8000013E-3,5.87999964,
,,,141.9000030E-3,5.85999966,
,,,141.9999897E-3,5.85999966,
,,,142.0999914E-3,5.87999964,
,,,142.1999931E-3,5.85999966,
,,,142.2999948E-3,5.87999964,
,,,142.3999965E-3,5.87999964,
,,,142.4999982E-3,5.87999964,
,,,142.5999999E-3,5.90000010,
,,,142.7000016E-3,5.87999964,
,,,142.7999884E-3,5.87999964,
,,,142.8999901E-3,5.85999966,
,,,142.9999918E-3,5.85999966,
,,,143.0999935E-3,5.87999964,
,,,143.1999952E-3,5.85999966,
,,,143.2999969E-3,5.87999964,
,,,143.3999985E-3,5.85999966,
,,,143.5000002E-3,5.90000010,
,,,143.6000019E-3,5.90000010,
,,,143.6999887E-3,5.87999964,
,,,143.7999904E-3,5.90000010,
,,,143.8999921E-3,5.87999964,
,,,143.9999938E-3,5.87999964,
,,,144.0999955E-3,5.87999964,
,,,144.1999972E-3,5.87999964,
,,,144.2999989E-3,5.90000010,
,,,144.4000006E-3,5.85999966,
,,,144.5000023E-3,5.85999966,
,,,144.5999891E-3,5.90000010,
,,,144.6999907E-3,5.87999964,
,,,144.7999924E-3,5.85999966,
,,,144.8999941E-3,5.85999966,
,,,144.9999958E-3,5.87999964,
,,,145.0999975E-3,5.87999964,
,,,145.1999992E-3,5.90000010,
,,,145.3000009E-3,5.85999966,
,,,145.4000026E-3,5.90000010,
,,,145.4999894E-3,5.87999964,
,,,145.5999911E-3,5.87999964,
,,,145.6999928E-3,5.90000010,
,,,145.7999945E-3,5.87999964,
,,,145.8999962E-3,5.87999964,
,,,145.9999979E-3,5.87999964,
,,,146.0999995E-3,5.87999964,
,,,146.2000012E-3,5.87999964,
,,,146.3000029E-3,5.85999966,
,,,146.3999897E-3,5.85999966,
,,,146.4999914E-3,5.85999966,
,,,146.5999931E-3,5.87999964,
,,,146.6999948E-3,5.90000010,
,,,146.7999965E-3,5.87999964,
,,,146.8999982E-3,5.87999964,
,,,146.9999999E-3,5.85999966,
,,,147.1000016E-3,5.87999964,
,,,147.1999884E-3,5.87999964,
,,,147.2999901E-3,5.87999964,
,,,147.3999918E-3,5.87999964,
,,,147.4999934E-3,5.85999966,
,,,147.5999951E-3,5.87999964,
,,,147.6999968E-3,5.87999964,
,,,147.7999985E-3,5.90000010,
,,,147.9000002E-3,5.85999966,
,,,148.0000019E-3,5.87999964,
,,,148.0999887E-3,5.87999964,
,,,148.1999904E-3,5.87999964,
,,,148.2999921E-3,5.87999964,
,,,148.3999938E-3,5.90000010,
,,,148.49999547E-3,5.85999966,
,,,148.59999716E-3,5.87999964,
,,,148.69999886E-3,5.85999966,
,,,148.80000055E-3,5.85999966,
,,,148.90000224E-3,5.87999964,
,,,148.99998903E-3,5.85999966,
,,,149.09999073E-3,5.87999964,
,,,149.19999242E-3,5.87999964,
,,,149.29999411E-3,5.90000010,
,,,149.39999580E-3,5.87999964,
,,,149.49999750E-3,5.87999964,
,,,149.59999919E-3,5.85999966,
,,,149.70000088E-3,5.87999964,
,,,149.80000257E-3,5.87999964,
,,,149.89998937E-3,5.85999966,
,,,149.99999106E-3,5.90000010,
,,,150.09999275E-3,5.87999964,
,,,150.19999444E-3,5.87999964,
,,,150.29999614E-3,5.87999964,
,,,150.39999783E-3,5.87999964,
,,,150.49999952E-3,5.87999964,
,,,150.60000122E-3,5.85999966,
,,,150.70000291E-3,5.85999966,
,,,150.79998970E-3,5.87999964,
,,,150.89999139E-3,5.87999964,
,,,150.99999309E-3,5.87999964,
,,,151.09999478E-3,5.85999966,
,,,151.19999647E-3,5.90000010,
,,,151.29999816E-3,5.85999966,
,,,151.39999986E-3,5.87999964,
,,,151.50000155E-3,5.85999966,
,,,151.59998834E-3,5.87999964,
,,,151.69999003E-3,5.87999964,
,,,151.79999173E-3,5.90000010,
,,,151.89999342E-3,5.87999964,
,,,151.99999511E-3,5.85999966,
,,,152.09999681E-3,5.87999964,
,,,152.19999850E-3,5.87999964,
,,,152.30000019E-3,5.87999964,
,,,152.40000188E-3,5.90000010,
,,,152.49998868E-3,5.85999966,
,,,152.59999037E-3,5.87999964,
,,,152.69999206E-3,5.90000010,
,,,152.79999375E-3,5.87999964,
,,,152.89999545E-3,5.87999964,
,,,152.99999714E-3,5.87999964,
,,,153.09999883E-3,5.90000010,
,,,153.20000052E-3,5.87999964,
,,,153.30000222E-3,5.87999964,
,,,153.39998901E-3,5.87999964,
,,,153.49999070E-3,5.85999966,
,,,153.59999239E-3,5.90000010,
,,,153.69999409E-3,5.85999966,
,,,153.79999578E-3,5.87999964,
,,,153.89999747E-3,5.87999964,
,,,153.99999917E-3,5.87999964,
,,,154.10000086E-3,5.85999966,
,,,154.20000255E-3,5.87999964,
,,,154.29998934E-3,5.90000010,
,,,154.39999104E-3,5.85999966,
,,,154.49999273E-3,5.90000010,
,,,154.59999442E-3,5.85999966,
,,,154.69999611E-3,5.87999964,
,,,154.79999781E-3,5.87999964,
,,,154.89999950E-3,5.87999964,
,,,155.00000119E-3,5.90000010,
,,,155.09998798E-3,5.85999966,
,,,155.19998968E-3,5.87999964,
,,,155.29999137E-3,5.87999964,
,,,155.39999306E-3,5.87999964,
,,,155.49999475E-3,5.87999964,
,,,155.59999645E-3,5.85999966,
,,,155.69999814E-3,5.87999964,
,,,155.79999983E-3,5.87999964,
,,,155.90000153E-3,5.87999964,
,,,155.99998832E-3,5.87999964,
,,,156.09999001E-3,5.87999964,
,,,156.19999170E-3,5.87999964,
,,,156.29999340E-3,5.85999966,
,,,156.39999509E-3,5.87999964,
,,,156.49999678E-3,5.87999964,
,,,156.59999847E-3,5.90000010,
,,,156.70000017E-3,5.87999964,
,,,156.80000186E-3,5.87999964,
,,,156.89998865E-3,5.90000010,
,,,156.99999034E-3,5.87999964,
,,,157.09999204E-3,5.87999964,
,,,157.19999373E-3,5.85999966,
,,,157.29999542E-3,5.85999966,
,,,157.39999712E-3,5.87999964,
,,,157.49999881E-3,5.87999964,
,,,157.60000050E-3,5.87999964,
,,,157.70000219E-3,5.85999966,
,,,157.79998899E-3,5.90000010,
,,,157.89999068E-3,5.85999966,
,,,157.99999237E-3,5.85999966,
,,,158.09999406E-3,5.90000010,
,,,158.19999576E-3,5.87999964,
,,,158.29999745E-3,5.85999966,
,,,158.39999914E-3,5.87999964,
,,,158.50000083E-3,5.87999964,
,,,158.60000253E-3,5.90000010,
,,,158.69998932E-3,5.90000010,
,,,158.79999101E-3,5.87999964,
,,,158.89999270E-3,5.85999966,
,,,158.99999440E-3,5.90000010,
,,,159.09999609E-3,5.87999964,
,,,159.19999778E-3,5.87999964,
,,,159.29999948E-3,5.87999964,
,,,159.40000117E-3,5.85999966,
,,,159.49998796E-3,5.90000010,
,,,159.59998965E-3,5.90000010,
,,,159.69999135E-3,5.87999964,
,,,159.79999304E-3,5.87999964,
,,,159.89999473E-3,5.85999966,
,,,159.99999642E-3,5.87999964,
,,,160.09999812E-3,5.87999964,
,,,160.19999981E-3,5.90000010,
,,,160.30000150E-3,5.85999966,
,,,160.39998829E-3,5.85999966,
,,,160.49998999E-3,5.87999964,
,,,160.59999168E-3,5.87999964,
,,,160.69999337E-3,5.90000010,
,,,160.79999506E-3,5.87999964,
,,,160.89999676E-3,5.87999964,
,,,160.99999845E-3,5.90000010,
,,,161.10000014E-3,5.87999964,
,,,161.20000184E-3,5.90000010,
,,,161.29998863E-3,5.83999968,
,,,161.39999032E-3,5.85999966,
,,,161.49999201E-3,5.87999964,
,,,161.59999371E-3,5.87999964,
,,,161.69999540E-3,5.87999964,
,,,161.79999709E-3,5.87999964,
,,,161.89999878E-3,5.87999964,
,,,162.00000048E-3,5.87999964,
,,,162.10000217E-3,5.87999964,
,,,162.19998896E-3,5.87999964,
,,,162.29999065E-3,5.87999964,
,,,162.39999235E-3,5.90000010,
,,,162.49999404E-3,5.87999964,
,,,162.59999573E-3,5.87999964,
,,,162.69999743E-3,5.85999966,
,,,162.79999912E-3,5.85999966,
,,,162.90000081E-3,5.87999964,
,,,163.00000250E-3,5.85999966,
,,,163.09998930E-3,5.90000010,
,,,163.19999099E-3,5.87999964,
,,,163.29999268E-3,5.87999964,
,,,163.39999437E-3,5.87999964,
,,,163.49999607E-3,5.85999966,
,,,163.59999776E-3,5.87999964,
,,,163.69999945E-3,5.85999966,
,,,163.80000114E-3,5.90000010,
,,,163.89998794E-3,5.87999964,
,,,163.99998963E-3,5.81999969,
,,,164.09999132E-3,5.83999968,
,,,164.19999301E-3,5.83999968,
,,,164.29999471E-3,5.83999968,
,,,164.39999640E-3,5.83999968,
,,,164.49999809E-3,5.83999968,
,,,164.59999979E-3,5.83999968,
,,,164.70000148E-3,5.83999968,
,,,164.79998827E-3,5.83999968,
,,,164.89998996E-3,5.83999968,
,,,164.99999166E-3,5.85999966,
,,,165.09999335E-3,5.83999968,
,,,165.19999504E-3,5.85999966,
,,,165.29999673E-3,5.85999966,
,,,165.39999843E-3,5.83999968,
,,,165.50000012E-3,5.85999966,
,,,165.60000181E-3,5.83999968,
,,,165.69998860E-3,5.83999968,
,,,165.79999030E-3,5.81999969,
,,,165.89999199E-3,5.85999966,
,,,165.99999368E-3,5.87999964,
,,,166.09999537E-3,5.87999964,
,,,166.19999707E-3,5.87999964,
,,,166.29999876E-3,5.87999964,
,,,166.40000045E-3,5.87999964,
,,,166.50000215E-3,5.85999966,
,,,166.59998894E-3,5.87999964,
,,,166.69999063E-3,5.90000010,
,,,166.79999232E-3,5.87999964,
,,,166.89999402E-3,5.85999966,
,,,166.99999571E-3,5.87999964,
,,,167.09999740E-3,5.87999964,
,,,167.19999909E-3,5.87999964,
,,,167.30000079E-3,5.85999966,
,,,167.40000248E-3,5.87999964,
,,,167.49998927E-3,5.87999964,
,,,167.59999096E-3,5.87999964,
,,,167.69999266E-3,5.87999964,
,,,167.79999435E-3,5.87999964,
,,,167.89999604E-3,5.87999964,
,,,167.99999774E-3,5.87999964,
,,,168.09999943E-3,5.90000010,
,,,168.20000112E-3,5.87999964,
,,,168.29998791E-3,5.90000010,
,,,168.39998960E-3,5.87999964,
,,,168.49999130E-3,5.85999966,
,,,168.59999299E-3,5.85999966,
,,,168.69999468E-3,5.85999966,
,,,168.79999638E-3,5.87999964,
,,,168.89999807E-3,5.85999966,
,,,168.99999976E-3,5.90000010,
,,,169.10000145E-3,5.87999964,
,,,169.19998825E-3,5.85999966,
,,,169.29998994E-3,5.90000010,
,,,169.39999163E-3,5.85999966,
,,,169.49999332E-3,5.87999964,
,,,169.59999502E-3,5.87999964,
,,,169.69999671E-3,5.87999964,
,,,169.79999840E-3,5.87999964,
,,,169.90000010E-3,5.85999966,
,,,170.00000179E-3,5.87999964,
,,,170.09998858E-3,5.85999966,
,,,170.19999027E-3,5.85999966,
,,,170.29999197E-3,5.85999966,
,,,170.39999366E-3,5.83999968,
,,,170.49999535E-3,5.85999966,
,,,170.59999704E-3,5.85999966,
,,,170.69999874E-3,5.85999966,
,,,170.80000043E-3,5.85999966,
,,,170.90000212E-3,5.83999968,
,,,170.99998891E-3,5.83999968,
,,,171.09999061E-3,5.85999966,
,,,171.19999230E-3,5.85999966,
,,,171.29999399E-3,5.83999968,
,,,171.39999568E-3,5.85999966,
,,,171.49999738E-3,5.85999966,
,,,171.59999907E-3,5.83999968,
,,,171.70000076E-3,5.85999966,
,,,171.79998755E-3,5.85999966,
,,,171.89998925E-3,5.83999968,
,,,171.99999094E-3,5.87999964,
,,,172.09999263E-3,5.87999964,
,,,172.19999433E-3,5.87999964,
,,,172.29999602E-3,5.85999966,
,,,172.39999771E-3,5.87999964,
,,,172.49999940E-3,5.87999964,
,,,172.60000110E-3,5.90000010,
,,,172.69998789E-3,5.87999964,
,,,172.79998958E-3,5.87999964,
,,,172.89999127E-3,5.87999964,
,,,172.99999297E-3,5.87999964,
,,,173.09999466E-3,5.90000010,
,,,173.19999635E-3,5.85999966,
,,,173.29999804E-3,5.87999964,
,,,173.39999974E-3,5.87999964,
,,,173.50000143E-3,5.87999964,
,,,173.59998822E-3,5.87999964,
,,,173.69998991E-3,5.87999964,
,,,173.79999161E-3,5.87999964,
,,,173.89999330E-3,5.87999964,
,,,173.99999499E-3,5.85999966,
,,,174.09999669E-3,5.83999968,
,,,174.19999838E-3,5.83999968,
,,,174.30000007E-3,5.85999966,
,,,174.40000176E-3,5.81999969,
,,,174.49998856E-3,5.85999966,
,,,174.59999025E-3,5.81999969,
,,,174.69999194E-3,5.81999969,
,,,174.79999363E-3,5.85999966,
,,,174.89999533E-3,5.83999968,
,,,174.99999702E-3,5.83999968,
,,,175.09999871E-3,5.85999966,
,,,175.20000041E-3,5.85999966,
,,,175.30000210E-3,5.85999966,
,,,175.39998889E-3,5.83999968,
,,,175.49999058E-3,5.83999968,
,,,175.59999228E-3,5.83999968,
,,,175.69999397E-3,5.85999966,
,,,175.79999566E-3,5.85999966,
,,,175.89999735E-3,5.85999966,
,,,175.99999905E-3,5.87999964,
,,,176.10000074E-3,5.85999966,
,,,176.19998753E-3,5.87999964,
,,,176.29998922E-3,5.87999964,
,,,176.39999092E-3,5.87999964,
,,,176.49999261E-3,5.87999964,
,,,176.59999430E-3,5.85999966,
,,,176.69999599E-3,5.90000010,
,,,176.79999769E-3,5.87999964,
,,,176.89999938E-3,5.90000010,
,,,177.00000107E-3,5.85999966,
,,,177.09998786E-3,5.85999966,
,,,177.19998956E-3,5.90000010,
,,,177.29999125E-3,5.85999966,
,,,177.39999294E-3,5.87999964,
,,,177.49999464E-3,5.87999964,
,,,177.59999633E-3,5.85999966,
,,,177.69999802E-3,5.87999964,
,,,177.79999971E-3,5.87999964,
,,,177.90000141E-3,5.85999966,
,,,177.99998820E-3,5.85999966,
,,,178.09998989E-3,5.83999968,
,,,178.19999158E-3,5.83999968,
,,,178.29999328E-3,5.83999968,
,,,178.39999497E-3,5.83999968,
,,,178.49999666E-3,5.83999968,
,,,178.59999835E-3,5.83999968,
,,,178.70000005E-3,5.83999968,
,,,178.80000174E-3,5.83999968,
,,,178.89998853E-3,5.85999966,
,,,178.99999022E-3,5.83999968,
,,,179.09999192E-3,5.85999966,
,,,179.19999361E-3,5.83999968,
,,,179.29999530E-3,5.85999966,
,,,179.39999700E-3,5.83999968,
,,,179.49999869E-3,5.85999966,
,,,179.60000038E-3,5.87999964,
,,,179.70000207E-3,5.83999968,
,,,179.79998887E-3,5.85999966,
,,,179.89999056E-3,5.87999964,
,,,179.99999225E-3,5.90000010,
,,,180.09999394E-3,5.87999964,
,,,180.19999564E-3,5.85999966,
,,,180.29999733E-3,5.90000010,
,,,180.39999902E-3,5.87999964,
,,,180.50000072E-3,5.87999964,
,,,180.59998751E-3,5.87999964,
,,,180.69998920E-3,5.85999966,
,,,180.79999089E-3,5.87999964,
,,,180.89999259E-3,5.87999964,
,,,180.99999428E-3,5.87999964,
,,,181.09999597E-3,5.87999964,
,,,181.19999766E-3,5.85999966,
,,,181.29999936E-3,5.87999964,
,,,181.40000105E-3,5.87999964,
,,,181.49998784E-3,5.87999964,
,,,181.59998953E-3,5.85999966,
,,,181.69999123E-3,5.87999964,
,,,181.79999292E-3,5.87999964,
,,,181.89999461E-3,5.87999964,
,,,181.99999630E-3,5.87999964,
,,,182.09999800E-3,5.87999964,
,,,182.19999969E-3,5.87999964,
,,,182.30000138E-3,5.85999966,
,,,182.39998817E-3,5.87999964,
,,,182.49998987E-3,5.87999964,
,,,182.59999156E-3,5.87999964,
,,,182.69999325E-3,5.87999964,
,,,182.79999495E-3,5.85999966,
,,,182.89999664E-3,5.87999964,
,,,182.99999833E-3,5.87999964,
,,,183.10000002E-3,5.87999964,
,,,183.20000172E-3,5.87999964,
,,,183.29998851E-3,5.87999964,
,,,183.39999020E-3,5.87999964,
,,,183.49999189E-3,5.87999964,
,,,183.59999359E-3,5.87999964,
,,,183.69999528E-3,5.87999964,
,,,183.79999697E-3,5.90000010,
,,,183.89999866E-3,5.87999964,
,,,184.00000036E-3,5.81999969,
,,,184.10000205E-3,5.85999966,
,,,184.19998884E-3,5.83999968,
,,,184.29999053E-3,5.83999968,
,,,184.39999223E-3,5.85999966,
,,,184.49999392E-3,5.83999968,
,,,184.59999561E-3,5.83999968,
,,,184.69999731E-3,5.85999966,
,,,184.79999900E-3,5.83999968,
,,,184.90000069E-3,5.85999966,
,,,184.99998748E-3,5.85999966,
,,,185.09998918E-3,5.83999968,
,,,185.19999087E-3,5.81999969,
,,,185.29999256E-3,5.83999968,
,,,185.39999425E-3,5.85999966,
,,,185.49999595E-3,5.85999966,
,,,185.59999764E-3,5.83999968,
,,,185.69999933E-3,5.83999968,
,,,185.80000103E-3,5.83999968,
,,,185.89998782E-3,5.85999966,
,,,185.99998951E-3,5.87999964,
,,,186.09999120E-3,5.87999964,
,,,186.19999290E-3,5.90000010,
,,,186.29999459E-3,5.87999964,
,,,186.39999628E-3,5.87999964,
,,,186.49999797E-3,5.90000010,
,,,186.59999967E-3,5.85999966,
,,,186.70000136E-3,5.87999964,
,,,186.79998815E-3,5.85999966,
,,,186.89998984E-3,5.87999964,
,,,186.99999154E-3,5.87999964,
,,,187.09999323E-3,5.85999966,
,,,187.19999492E-3,5.85999966,
,,,187.29999661E-3,5.87999964,
,,,187.39999831E-3,5.85999966,
,,,187.50000000E-3,5.87999964,
,,,187.60000169E-3,5.87999964,
,,,187.69998848E-3,5.87999964,
,,,187.79999018E-3,5.85999966,
,,,187.89999187E-3,5.87999964,
,,,187.99999356E-3,5.87999964,
,,,188.09999526E-3,5.87999964,
,,,188.19999695E-3,5.87999964,
,,,188.29999864E-3,5.85999966,
,,,188.40000033E-3,5.87999964,
,,,188.49998713E-3,5.85999966,
,,,188.59998882E-3,5.90000010,
,,,188.69999051E-3,5.87999964,
,,,188.79999220E-3,5.85999966,
,,,188.89999390E-3,5.87999964,
,,,188.99999559E-3,5.87999964,
,,,189.09999728E-3,5.87999964,
,,,189.19999897E-3,5.87999964,
,,,189.30000067E-3,5.85999966,
,,,189.39998746E-3,5.87999964,
,,,189.49998915E-3,5.87999964,
,,,189.59999084E-3,5.87999964,
,,,189.69999254E-3,5.85999966,
,,,189.79999423E-3,5.87999964,
,,,189.89999592E-3,5.85999966,
,,,189.99999762E-3,5.85999966,
,,,190.09999931E-3,5.85999966,
,,,190.20000100E-3,5.85999966,
,,,190.29998779E-3,5.85999966,
,,,190.39998949E-3,5.83999968,
,,,190.49999118E-3,5.83999968,
,,,190.59999287E-3,5.83999968,
,,,190.69999456E-3,5.85999966,
,,,190.79999626E-3,5.83999968,
,,,190.89999795E-3,5.83999968,
,,,190.99999964E-3,5.83999968,
,,,191.10000134E-3,5.81999969,
,,,191.19998813E-3,5.85999966,
,,,191.29998982E-3,5.83999968,
,,,191.39999151E-3,5.85999966,
,,,191.49999321E-3,5.87999964,
,,,191.59999490E-3,5.83999968,
,,,191.69999659E-3,5.85999966,
,,,191.79999828E-3,5.83999968,
,,,191.89999998E-3,5.87999964,
,,,192.00000167E-3,5.90000010,
,,,192.09998846E-3,5.87999964,
,,,192.19999015E-3,5.87999964,
,,,192.29999185E-3,5.85999966,
,,,192.39999354E-3,5.90000010,
,,,192.49999523E-3,5.87999964,
,,,192.59999692E-3,5.85999966,
,,,192.69999862E-3,5.87999964,
,,,192.80000031E-3,5.87999964,
,,,192.89998710E-3,5.87999964,
,,,192.99998879E-3,5.87999964,
,,,193.09999049E-3,5.87999964,
,,,193.19999218E-3,5.87999964,
,,,193.29999387E-3,5.87999964,
,,,193.39999557E-3,5.90000010,
,,,193.49999726E-3,5.90000010,
,,,193.59999895E-3,5.87999964,
,,,193.70000064E-3,5.87999964,
,,,193.79998744E-3,5.87999964,
,,,193.89998913E-3,5.87999964,
,,,193.99999082E-3,5.85999966,
,,,194.09999251E-3,5.87999964,
,,,194.19999421E-3,5.87999964,
,,,194.29999590E-3,5.87999964,
,,,194.39999759E-3,5.87999964,
,,,194.49999928E-3,5.87999964,
,,,194.60000098E-3,5.87999964,
,,,194.69998777E-3,5.85999966,
,,,194.79998946E-3,5.90000010,
,,,194.89999115E-3,5.87999964,
,,,194.99999285E-3,5.90000010,
,,,195.09999454E-3,5.87999964,
,,,195.19999623E-3,5.85999966,
,,,195.29999793E-3,5.87999964,
,,,195.39999962E-3,5.85999966,
,,,195.50000131E-3,5.90000010,
,,,195.59998810E-3,5.85999966,
,,,195.69998980E-3,5.87999964,
,,,195.79999149E-3,5.87999964,
,,,195.89999318E-3,5.87999964,
,,,195.99999487E-3,5.90000010,
,,,196.09999657E-3,5.87999964,
,,,196.19999826E-3,5.87999964,
,,,196.29999995E-3,5.87999964,
,,,196.40000165E-3,5.85999966,
,,,196.49998844E-3,5.92000008,
,,,196.59999013E-3,5.87999964,
,,,196.69999182E-3,5.87999964,
,,,196.79999352E-3,5.87999964,
,,,196.89999521E-3,5.87999964,
